Tarih,Fiyat
,
,
,
,
,
,
,
,
,
,
,
,
,
,
,
,
,
,
,
,
,
,
,
,
,
,
,
,
,
,
,
,
,
,
,
,
,
,
,
,
,
,
,
,
,
,
,
,
,
,
,
,
,
,
,
,
,
,
,
,
,
,
,
,
,
,
,
,
,
,
,
,
,
,
,
,
,
,
,
,
,
,
,
,
,
,
,
,
,
,
,
,
,
,
,
,
,
,
,
,
,
,
,
,
,
,
,
,
,
,
,
,
,
,
,
,
,
,
,
,
,
,
,
,
,
,
,
,
,
,
,
,
,
,
,
,
,
,
,
,
,
,
,
,
,
,
,
,
,
,
,
,
,
,
,
,
,
,
,
,
,
,
,
,
,
,
,
,
,
,
,
,
,
,
,
,
,
,
,
,
,
,
,
,
,
,
,
,
,
,
,
,
,
,
,
,
,
,
,
,
,
,
,
,
,
,
,
,
,
,
,
,
,
,
,
,
,
,
,
,
,
,
,
,
,
,
,
,
,
,
,
,
,
,
,
,
,
,
,
,
,
,
,
,
,
,
,
,
,
,
,
,
,
,
,
,
,
,
,
,
,
,
,
,
,
,
,
,
,
,
,
,
,
,
,
,
,
,
,
,
,
,
,
,
,
,
,
,
,
,
,
,
,
,
,
,
,
,
,
,
,
,
,
,
,
,
,
,
,
,
,
,
,
,
,
,
,
,
,
,
,
,
,
,
,
,
,
,
,
,
,
,
,
,
,
,
,
,
,
,
,
,
,
,
,
,
,
,
,
,
,
,
,
,
,
,
,
,
,
,
,
,
,
,
,
,
,
,
,
,
,
,
,
,
,
,
,
,
,
,
,
,
,
,
,
,
,
,
,
,
,
,
,
,
,
,
,
,
,
,
,
,
,
,
,
,
,
,
,
,
,
,
,
,
,
,
,
,
,
,
,
,
,
,
,
,
,
,
,
,
,
,
,
,
,
,
,
,
,
,
,
,
,
,
,
,
,
,
,
,
,
,
,
,
,
,
,
,
,
,
,
,
,
,
,
,
,
,
,
,
,
,
,
,
,
,
,
,
,
,
,
,
,
,
,
,
,
,
,
,
,
,
,
,
,
,
,
,
,
,
,
,
,
,
,
,
,
,
,
,
,
,
,
,
,
,
,
,
,
,
,
,
,
,
,
,
,
,
,
,
,
,
,
,
,
,
,
,
,
,
,
,
,
,
,14.11.2024
14.11.2024,"34,3288"
13.11.2024,"34,3501"
12.11.2024,"34,3465"
11.11.2024,"34,3169"
08.11.2024,"34,0367"
07.11.2024,"34,2177"
06.11.2024,"34,1862"
05.11.2024,"34,3118"
04.11.2024,"34,3337"
01.11.2024,"34,3020"
31.10.2024,"34,2540"
30.10.2024,"34,2044"
29.10.2024,"34,2554"
28.10.2024,"34,2822"
25.10.2024,"34,2827"
24.10.2024,"34,2181"
23.10.2024,"34,2527"
22.10.2024,"34,2357"
21.10.2024,"34,0920"
18.10.2024,"33,9850"
17.10.2024,"34,1245"
16.10.2024,"34,1594"
15.10.2024,"34,1692"
14.10.2024,"34,2569"
11.10.2024,"34,2442"
10.10.2024,"34,1519"
09.10.2024,"34,2087"
08.10.2024,"34,2407"
07.10.2024,"34,2350"
04.10.2024,"34,2500"
03.10.2024,"34,1055"
02.10.2024,"34,1819"
01.10.2024,"34,2057"
30.09.2024,"34,1605"
27.09.2024,"34,1615"
26.09.2024,"34,1398"
25.09.2024,"34,1064"
24.09.2024,"34,1137"
23.09.2024,"34,1189"
20.09.2024,"34,0926"
19.09.2024,"34,0253"
18.09.2024,"34,0687"
17.09.2024,"34,0795"
16.09.2024,"33,9779"
13.09.2024,"33,8762"
12.09.2024,"33,9086"
11.09.2024,"33,9678"
10.09.2024,"34,0122"
09.09.2024,"34,0361"
06.09.2024,"33,9505"
05.09.2024,"33,9195"
04.09.2024,"33,9857"
03.09.2024,"33,9735"
02.09.2024,"33,8799"
30.08.2024,"34,0711"
29.08.2024,"34,0694"
28.08.2024,"34,0312"
27.08.2024,"34,0006"
26.08.2024,"33,9691"
23.08.2024,"33,9588"
22.08.2024,"33,7100"
21.08.2024,"33,8313"
20.08.2024,"33,8575"
19.08.2024,"33,5690"
16.08.2024,"33,6632"
15.08.2024,"33,6042"
14.08.2024,"33,5992"
13.08.2024,"33,5301"
12.08.2024,"33,3700"
09.08.2024,"33,4839"
08.08.2024,"33,4959"
07.08.2024,"33,4293"
06.08.2024,"33,5696"
05.08.2024,"33,3248"
02.08.2024,"33,1680"
01.08.2024,"33,0853"
31.07.2024,"33,1401"
30.07.2024,"33,0794"
29.07.2024,"33,0458"
26.07.2024,"32,9042"
25.07.2024,"32,9480"
24.07.2024,"32,7792"
23.07.2024,"32,8527"
22.07.2024,"32,9085"
19.07.2024,"33,0549"
18.07.2024,"33,0488"
17.07.2024,"33,0502"
16.07.2024,"33,0531"
15.07.2024,"32,9686"
12.07.2024,"33,0214"
11.07.2024,"32,8013"
10.07.2024,"32,8564"
09.07.2024,"32,8170"
08.07.2024,"32,6745"
05.07.2024,"32,6350"
04.07.2024,"32,5130"
03.07.2024,"32,5342"
02.07.2024,"32,5470"
01.07.2024,"32,6297"
28.06.2024,"32,6485"
27.06.2024,"32,8041"
26.06.2024,"32,8379"
25.06.2024,"32,9206"
24.06.2024,"32,9169"
21.06.2024,"32,8322"
20.06.2024,"32,8060"
19.06.2024,"32,5024"
18.06.2024,"32,4853"
17.06.2024,"32,7859"
14.06.2024,"32,6273"
13.06.2024,"32,2788"
12.06.2024,"32,3064"
11.06.2024,"32,3221"
10.06.2024,"32,3374"
07.06.2024,"32,2430"
06.06.2024,"32,2319"
05.06.2024,"32,2303"
04.06.2024,"32,5745"
03.06.2024,"32,1678"
31.05.2024,"32,2322"
30.05.2024,"32,2042"
29.05.2024,"32,1825"
28.05.2024,"32,2335"
27.05.2024,"32,1282"
24.05.2024,"32,2003"
23.05.2024,"32,1585"
22.05.2024,"32,1861"
21.05.2024,"32,1226"
20.05.2024,"32,1327"
17.05.2024,"32,1987"
16.05.2024,"32,2716"
15.05.2024,"32,1600"
14.05.2024,"32,2659"
13.05.2024,"32,2740"
10.05.2024,"32,1989"
09.05.2024,"32,2380"
08.05.2024,"32,2239"
07.05.2024,"32,2515"
06.05.2024,"32,2624"
03.05.2024,"32,3346"
02.05.2024,"32,3014"
01.05.2024,"32,4565"
30.04.2024,"32,4007"
29.04.2024,"32,4153"
26.04.2024,"32,4036"
25.04.2024,"32,5152"
24.04.2024,"32,5393"
23.04.2024,"32,4915"
22.04.2024,"32,4862"
19.04.2024,"32,4941"
18.04.2024,"32,5224"
17.04.2024,"32,3816"
16.04.2024,"32,3857"
15.04.2024,"32,4013"
12.04.2024,"32,3468"
11.04.2024,"32,2996"
10.04.2024,"32,2779"
09.04.2024,"32,2706"
08.04.2024,"31,9764"
05.04.2024,"32,0374"
04.04.2024,"31,8703"
03.04.2024,"31,9485"
02.04.2024,"32,0436"
01.04.2024,"32,0750"
29.03.2024,"32,3460"
28.03.2024,"32,3045"
27.03.2024,"32,2459"
26.03.2024,"32,1737"
25.03.2024,"32,1146"
22.03.2024,"32,0132"
21.03.2024,"32,0294"
20.03.2024,"32,1558"
19.03.2024,"32,3583"
18.03.2024,"32,2460"
15.03.2024,"32,1144"
14.03.2024,"32,1441"
13.03.2024,"31,9074"
12.03.2024,"32,0278"
11.03.2024,"31,9448"
08.03.2024,"31,8400"
07.03.2024,"31,8612"
06.03.2024,"31,7191"
05.03.2024,"31,6239"
04.03.2024,"31,5636"
01.03.2024,"31,3099"
29.02.2024,"31,1883"
28.02.2024,"31,1695"
27.02.2024,"31,0735"
26.02.2024,"31,0430"
23.02.2024,"30,9651"
22.02.2024,"30,8793"
21.02.2024,"30,9057"
20.02.2024,"30,8981"
19.02.2024,"30,8121"
16.02.2024,"30,8182"
15.02.2024,"30,7180"
14.02.2024,"30,7349"
13.02.2024,"30,7148"
12.02.2024,"30,6403"
09.02.2024,"30,5580"
08.02.2024,"30,5696"
07.02.2024,"30,5401"
06.02.2024,"30,3276"
05.02.2024,"30,5341"
02.02.2024,"30,3990"
01.02.2024,"30,2700"
31.01.2024,"30,3151"
30.01.2024,"30,3239"
29.01.2024,"30,3123"
26.01.2024,"30,2743"
25.01.2024,"30,2347"
24.01.2024,"30,2285"
23.01.2024,"30,2182"
22.01.2024,"30,2192"
19.01.2024,"30,2017"
18.01.2024,"30,1101"
17.01.2024,"30,0906"
16.01.2024,"30,0168"
15.01.2024,"30,0743"
12.01.2024,"30,0636"
11.01.2024,"29,9642"
10.01.2024,"29,9519"
09.01.2024,"29,8658"
08.01.2024,"29,8761"
05.01.2024,"29,8202"
04.01.2024,"29,7490"
03.01.2024,"29,6927"
02.01.2024,"29,6770"
01.01.2024,"29,5364"
29.12.2023,"29,4766"
28.12.2023,"29,4094"
27.12.2023,"29,3733"
26.12.2023,"29,1831"
25.12.2023,"29,2464"
22.12.2023,"29,1982"
21.12.2023,"29,1056"
20.12.2023,"29,1117"
19.12.2023,"29,0701"
18.12.2023,"29,0376"
15.12.2023,"28,9511"
14.12.2023,"28,9673"
13.12.2023,"28,9457"
12.12.2023,"28,9031"
11.12.2023,"28,9434"
08.12.2023,"28,8557"
07.12.2023,"28,9211"
06.12.2023,"28,8728"
05.12.2023,"28,8724"
04.12.2023,"28,9293"
01.12.2023,"28,8885"
30.11.2023,"28,8552"
29.11.2023,"28,8787"
28.11.2023,"28,8900"
27.11.2023,"28,8823"
24.11.2023,"28,8606"
23.11.2023,"28,7799"
22.11.2023,"28,8282"
21.11.2023,"28,7688"
20.11.2023,"28,6900"
17.11.2023,"28,6545"
16.11.2023,"28,5422"
15.11.2023,"28,6553"
14.11.2023,"28,6189"
13.11.2023,"28,5604"
10.11.2023,"28,5251"
09.11.2023,"28,4110"
08.11.2023,"28,4324"
07.11.2023,"28,4483"
06.11.2023,"28,3618"
03.11.2023,"28,3775"
02.11.2023,"28,3161"
01.11.2023,"28,3125"
31.10.2023,"28,2752"
30.10.2023,"28,2289"
27.10.2023,"28,1636"
26.10.2023,"28,1282"
25.10.2023,"28,1139"
24.10.2023,"28,1008"
23.10.2023,"28,0588"
20.10.2023,"27,9483"
19.10.2023,"27,9569"
18.10.2023,"27,9978"
17.10.2023,"27,9187"
16.10.2023,"27,8552"
13.10.2023,"27,7612"
12.10.2023,"27,6950"
11.10.2023,"27,6979"
10.10.2023,"27,7050"
09.10.2023,"27,6650"
06.10.2023,"27,5405"
05.10.2023,"27,5067"
04.10.2023,"27,4944"
03.10.2023,"27,4633"
02.10.2023,"27,4241"
29.09.2023,"27,3712"
28.09.2023,"27,3628"
27.09.2023,"26,8303"
26.09.2023,"27,2514"
25.09.2023,"27,1807"
22.09.2023,"27,1038"
21.09.2023,"27,1121"
20.09.2023,"26,9806"
19.09.2023,"26,9440"
18.09.2023,"27,0121"
15.09.2023,"26,9191"
14.09.2023,"26,8625"
13.09.2023,"26,9215"
12.09.2023,"26,8494"
11.09.2023,"26,8047"
08.09.2023,"26,8228"
07.09.2023,"26,7827"
06.09.2023,"26,7923"
05.09.2023,"26,7646"
04.09.2023,"26,7395"
01.09.2023,"26,6311"
31.08.2023,"26,6502"
30.08.2023,"26,6868"
29.08.2023,"26,5544"
28.08.2023,"26,5030"
25.08.2023,"26,5465"
24.08.2023,"25,7824"
23.08.2023,"27,1792"
22.08.2023,"27,1866"
21.08.2023,"27,1390"
18.08.2023,"27,0307"
17.08.2023,"27,0317"
16.08.2023,"27,0381"
15.08.2023,"27,0440"
14.08.2023,"27,0136"
11.08.2023,"26,8632"
10.08.2023,"26,9986"
09.08.2023,"26,9891"
08.08.2023,"26,9794"
07.08.2023,"26,9746"
04.08.2023,"26,9371"
03.08.2023,"26,9670"
02.08.2023,"26,9564"
01.08.2023,"26,8938"
31.07.2023,"26,8955"
28.07.2023,"26,9003"
27.07.2023,"26,9392"
26.07.2023,"26,9177"
25.07.2023,"26,8918"
24.07.2023,"26,9217"
21.07.2023,"26,9729"
20.07.2023,"26,7257"
19.07.2023,"26,7736"
18.07.2023,"26,9187"
17.07.2023,"26,3351"
14.07.2023,"26,0953"
13.07.2023,"26,0026"
12.07.2023,"26,1328"
11.07.2023,"25,9922"
10.07.2023,"26,0952"
07.07.2023,"26,0552"
06.07.2023,"26,0823"
05.07.2023,"26,0732"
04.07.2023,"25,9966"
03.07.2023,"25,9059"
30.06.2023,"26,0461"
29.06.2023,"26,0235"
28.06.2023,"26,0481"
27.06.2023,"26,0014"
26.06.2023,"25,9137"
23.06.2023,"25,2330"
22.06.2023,"24,8877"
21.06.2023,"23,5273"
20.06.2023,"23,5506"
19.06.2023,"23,6085"
16.06.2023,"23,6154"
15.06.2023,"23,6576"
14.06.2023,"23,5483"
13.06.2023,"23,6215"
12.06.2023,"23,6208"
09.06.2023,"23,3673"
08.06.2023,"23,1219"
07.06.2023,"23,2458"
06.06.2023,"21,5719"
05.06.2023,"21,2590"
02.06.2023,"20,9589"
01.06.2023,"20,7988"
31.05.2023,"20,7973"
30.05.2023,"20,4706"
29.05.2023,"20,0919"
26.05.2023,"19,9309"
25.05.2023,"19,9319"
24.05.2023,"19,8897"
23.05.2023,"19,8458"
22.05.2023,"19,8308"
19.05.2023,"19,7860"
18.05.2023,"19,7844"
17.05.2023,"19,7422"
16.05.2023,"19,7229"
15.05.2023,"19,6520"
12.05.2023,"19,5600"
11.05.2023,"19,5404"
10.05.2023,"19,5378"
09.05.2023,"19,5016"
08.05.2023,"19,4994"
05.05.2023,"19,5172"
04.05.2023,"19,4926"
03.05.2023,"19,4581"
02.05.2023,"19,4461"
01.05.2023,"19,4282"
28.04.2023,"19,4478"
27.04.2023,"19,4341"
26.04.2023,"19,3972"
25.04.2023,"19,4245"
24.04.2023,"19,4109"
21.04.2023,"19,3741"
20.04.2023,"19,4010"
19.04.2023,"19,3855"
18.04.2023,"19,3857"
17.04.2023,"19,3861"
14.04.2023,"19,3446"
13.04.2023,"19,3132"
12.04.2023,"19,3030"
11.04.2023,"19,2803"
10.04.2023,"19,2707"
07.04.2023,"19,2283"
06.04.2023,"19,2454"
05.04.2023,"19,2394"
04.04.2023,"19,2062"
03.04.2023,"19,1749"
31.03.2023,"19,1582"
30.03.2023,"19,1676"
29.03.2023,"19,1126"
28.03.2023,"19,1115"
27.03.2023,"19,0898"
24.03.2023,"19,0457"
23.03.2023,"19,0046"
22.03.2023,"19,0371"
21.03.2023,"19,0150"
20.03.2023,"18,9983"
17.03.2023,"19,0095"
16.03.2023,"18,9761"
15.03.2023,"18,9746"
14.03.2023,"18,9747"
13.03.2023,"18,9664"
10.03.2023,"18,9551"
09.03.2023,"18,9479"
08.03.2023,"18,9257"
07.03.2023,"18,8901"
06.03.2023,"18,8974"
03.03.2023,"18,8195"
02.03.2023,"18,8639"
01.03.2023,"18,8795"
28.02.2023,"18,8761"
27.02.2023,"18,8793"
24.02.2023,"18,8676"
23.02.2023,"18,8721"
22.02.2023,"18,8467"
21.02.2023,"18,8608"
20.02.2023,"18,8670"
20.02.2023,"18,8727"
17.02.2023,"18,8247"
16.02.2023,"18,7934"
16.02.2023,"18,8380"
15.02.2023,"18,8380"
15.02.2023,"18,8359"
14.02.2023,"18,8551"
14.02.2023,"18,8315"
13.02.2023,"18,8230"
13.02.2023,"18,8288"
10.02.2023,"18,8107"
09.02.2023,"18,8131"
09.02.2023,"18,8199"
08.02.2023,"18,8129"
08.02.2023,"18,8232"
07.02.2023,"18,8062"
07.02.2023,"18,8146"
06.02.2023,"18,8147"
06.02.2023,"18,8137"
03.02.2023,"18,8186"
02.02.2023,"18,8186"
02.02.2023,"18,7920"
01.02.2023,"18,8023"
01.02.2023,"18,7964"
31.01.2023,"18,7677"
31.01.2023,"18,8064"
30.01.2023,"18,8056"
30.01.2023,"18,7851"
27.01.2023,"18,8079"
26.01.2023,"18,7860"
26.01.2023,"18,7963"
25.01.2023,"18,7947"
25.01.2023,"18,7753"
24.01.2023,"18,7754"
24.01.2023,"18,8230"
23.01.2023,"18,7975"
23.01.2023,"18,8052"
20.01.2023,"18,7579"
19.01.2023,"18,7579"
19.01.2023,"18,7578"
18.01.2023,"18,7575"
18.01.2023,"18,7588"
17.01.2023,"18,7588"
17.01.2023,"18,7083"
16.01.2023,"18,7155"
16.01.2023,"18,7956"
13.01.2023,"18,7806"
12.01.2023,"18,7824"
12.01.2023,"18,7709"
11.01.2023,"18,7785"
11.01.2023,"18,7754"
10.01.2023,"18,7633"
10.01.2023,"18,7738"
09.01.2023,"18,7622"
09.01.2023,"18,7652"
06.01.2023,"18,7524"
05.01.2023,"18,7524"
05.01.2023,"18,7616"
04.01.2023,"18,7378"
04.01.2023,"18,7387"
03.01.2023,"18,7224"
03.01.2023,"18,7108"
02.01.2023,"18,6979"
02.01.2023,"18,7120"
30.12.2022,"18,6883"
29.12.2022,"18,6877"
29.12.2022,"18,6941"
28.12.2022,"18,6889"
28.12.2022,"18,7157"
27.12.2022,"18,6777"
27.12.2022,"18,6669"
26.12.2022,"18,6670"
26.12.2022,"18,6618"
23.12.2022,"18,6637"
22.12.2022,"18,6570"
22.12.2022,"18,6424"
21.12.2022,"18,6424"
21.12.2022,"18,6749"
20.12.2022,"18,6502"
20.12.2022,"18,6479"
19.12.2022,"18,6406"
19.12.2022,"18,6426"
16.12.2022,"18,6343"
15.12.2022,"18,6460"
15.12.2022,"18,6368"
14.12.2022,"18,6031"
14.12.2022,"18,6232"
13.12.2022,"18,6035"
13.12.2022,"18,5750"
12.12.2022,"18,5717"
12.12.2022,"18,6325"
09.12.2022,"18,6503"
08.12.2022,"18,6503"
08.12.2022,"18,6324"
07.12.2022,"18,6243"
07.12.2022,"18,6355"
06.12.2022,"18,6203"
06.12.2022,"18,6240"
05.12.2022,"18,6248"
05.12.2022,"18,6227"
02.12.2022,"18,6303"
01.12.2022,"18,6303"
01.12.2022,"18,6313"
30.11.2022,"18,6115"
30.11.2022,"18,5895"
29.11.2022,"18,5895"
29.11.2022,"18,6374"
28.11.2022,"18,6138"
28.11.2022,"18,6166"
25.11.2022,"18,5851"
24.11.2022,"18,5816"
24.11.2022,"18,5986"
23.11.2022,"18,6046"
23.11.2022,"18,6062"
22.11.2022,"18,6037"
22.11.2022,"18,6081"
21.11.2022,"18,5819"
21.11.2022,"18,6118"
18.11.2022,"18,5889"
17.11.2022,"18,5889"
17.11.2022,"18,5599"
16.11.2022,"18,5599"
16.11.2022,"18,5920"
15.11.2022,"18,6036"
15.11.2022,"18,6020"
14.11.2022,"18,6017"
14.11.2022,"18,5846"
11.11.2022,"18,5705"
10.11.2022,"18,5717"
10.11.2022,"18,4798"
09.11.2022,"18,4593"
09.11.2022,"18,5857"
08.11.2022,"18,5686"
08.11.2022,"18,5284"
07.11.2022,"18,5284"
07.11.2022,"18,4431"
04.11.2022,"18,5657"
03.11.2022,"18,5657"
03.11.2022,"18,6144"
02.11.2022,"18,6021"
02.11.2022,"18,6219"
01.11.2022,"18,6019"
01.11.2022,"18,5657"
31.10.2022,"18,5535"
31.10.2022,"18,5920"
28.10.2022,"18,5813"
27.10.2022,"18,5813"
27.10.2022,"18,5974"
26.10.2022,"18,6209"
26.10.2022,"18,5911"
25.10.2022,"18,5784"
25.10.2022,"18,5895"
24.10.2022,"18,5880"
24.10.2022,"18,6036"
21.10.2022,"18,5884"
20.10.2022,"18,5884"
20.10.2022,"18,5868"
19.10.2022,"18,5732"
19.10.2022,"18,5887"
18.10.2022,"18,5829"
18.10.2022,"18,5794"
17.10.2022,"18,5875"
17.10.2022,"18,5610"
14.10.2022,"18,5585"
13.10.2022,"18,5585"
13.10.2022,"18,5218"
12.10.2022,"18,5350"
12.10.2022,"18,5571"
11.10.2022,"18,5291"
11.10.2022,"18,5875"
10.10.2022,"18,5775"
10.10.2022,"18,5737"
07.10.2022,"18,5620"
06.10.2022,"18,5620"
06.10.2022,"18,5719"
05.10.2022,"18,5820"
05.10.2022,"18,5595"
04.10.2022,"18,5565"
04.10.2022,"18,5668"
03.10.2022,"18,5309"
03.10.2022,"18,5428"
30.09.2022,"18,5000"
29.09.2022,"18,5000"
29.09.2022,"18,4961"
28.09.2022,"18,4519"
28.09.2022,"18,5040"
27.09.2022,"18,5367"
27.09.2022,"18,4332"
26.09.2022,"18,4297"
26.09.2022,"18,4327"
23.09.2022,"18,4131"
22.09.2022,"18,4131"
22.09.2022,"18,3212"
21.09.2022,"18,3204"
21.09.2022,"18,3230"
20.09.2022,"18,3034"
20.09.2022,"18,3015"
19.09.2022,"18,3080"
19.09.2022,"18,2803"
16.09.2022,"18,2543"
15.09.2022,"18,2543"
15.09.2022,"18,2638"
14.09.2022,"18,2570"
14.09.2022,"18,2331"
13.09.2022,"18,2254"
13.09.2022,"18,2430"
12.09.2022,"18,2418"
12.09.2022,"18,2152"
09.09.2022,"18,2334"
08.09.2022,"18,2334"
08.09.2022,"18,2281"
07.09.2022,"18,2253"
07.09.2022,"18,2174"
06.09.2022,"18,2170"
06.09.2022,"18,2146"
05.09.2022,"18,2153"
05.09.2022,"18,2108"
02.09.2022,"18,1777"
01.09.2022,"18,2491"
01.09.2022,"18,1993"
31.08.2022,"18,2050"
31.08.2022,"18,1868"
30.08.2022,"18,1712"
30.08.2022,"18,1650"
29.08.2022,"18,1520"
29.08.2022,"18,1772"
26.08.2022,"18,1433"
25.08.2022,"18,1433"
25.08.2022,"18,1653"
24.08.2022,"18,1544"
24.08.2022,"18,1386"
23.08.2022,"18,1378"
23.08.2022,"18,0973"
22.08.2022,"18,0920"
22.08.2022,"18,0480"
19.08.2022,"18,0850"
18.08.2022,"18,0850"
18.08.2022,"18,0075"
17.08.2022,"18,0561"
17.08.2022,"17,9349"
16.08.2022,"17,9342"
16.08.2022,"17,9095"
15.08.2022,"17,9004"
15.08.2022,"17,9500"
12.08.2022,"17,9324"
11.08.2022,"17,9324"
11.08.2022,"17,9336"
10.08.2022,"17,9231"
10.08.2022,"17,8708"
09.08.2022,"17,8049"
09.08.2022,"17,8907"
08.08.2022,"17,8944"
08.08.2022,"17,9106"
05.08.2022,"17,9101"
04.08.2022,"17,9101"
04.08.2022,"17,9197"
03.08.2022,"17,8972"
03.08.2022,"17,9367"
02.08.2022,"17,9144"
02.08.2022,"17,9253"
01.08.2022,"17,9277"
01.08.2022,"17,8987"
29.07.2022,"17,9114"
28.07.2022,"17,9114"
28.07.2022,"17,9049"
27.07.2022,"17,9291"
27.07.2022,"17,8651"
26.07.2022,"17,8653"
26.07.2022,"17,8592"
25.07.2022,"17,8422"
25.07.2022,"17,7679"
22.07.2022,"17,7173"
21.07.2022,"17,7173"
21.07.2022,"17,7084"
20.07.2022,"17,6978"
20.07.2022,"17,6034"
19.07.2022,"17,5761"
19.07.2022,"17,5562"
18.07.2022,"17,5398"
18.07.2022,"17,4309"
15.07.2022,"17,3950"
14.07.2022,"17,3950"
14.07.2022,"17,4047"
13.07.2022,"17,4344"
13.07.2022,"17,3974"
12.07.2022,"17,3778"
12.07.2022,"17,3000"
11.07.2022,"17,2993"
11.07.2022,"17,3555"
08.07.2022,"17,2683"
07.07.2022,"17,2683"
07.07.2022,"17,2693"
06.07.2022,"17,2309"
06.07.2022,"17,2098"
05.07.2022,"17,2009"
05.07.2022,"16,9608"
04.07.2022,"16,9463"
04.07.2022,"16,7967"
01.07.2022,"16,7613"
30.06.2022,"16,7613"
30.06.2022,"16,6933"
29.06.2022,"16,6675"
29.06.2022,"16,6368"
28.06.2022,"16,6417"
28.06.2022,"16,6732"
27.06.2022,"16,5928"
27.06.2022,"16,5229"
24.06.2022,"16,8860"
23.06.2022,"16,8860"
23.06.2022,"17,3532"
22.06.2022,"17,3392"
22.06.2022,"17,3370"
21.06.2022,"17,3120"
21.06.2022,"17,3387"
20.06.2022,"17,3168"
20.06.2022,"17,3219"
17.06.2022,"17,3255"
16.06.2022,"17,3255"
16.06.2022,"17,2999"
15.06.2022,"17,2865"
15.06.2022,"17,2254"
14.06.2022,"17,2301"
14.06.2022,"17,2611"
13.06.2022,"17,2226"
13.06.2022,"17,2486"
10.06.2022,"17,0718"
09.06.2022,"17,0718"
09.06.2022,"17,1911"
08.06.2022,"17,2491"
08.06.2022,"17,1276"
07.06.2022,"17,1582"
07.06.2022,"16,7383"
06.06.2022,"16,8225"
06.06.2022,"16,5664"
03.06.2022,"16,4126"
02.06.2022,"16,4126"
02.06.2022,"16,4521"
01.06.2022,"16,4628"
01.06.2022,"16,3806"
31.05.2022,"16,3911"
31.05.2022,"16,3748"
30.05.2022,"16,3875"
30.05.2022,"16,3796"
27.05.2022,"16,1807"
26.05.2022,"16,1807"
26.05.2022,"16,3417"
25.05.2022,"16,3310"
25.05.2022,"16,3383"
24.05.2022,"16,3190"
24.05.2022,"16,0914"
23.05.2022,"16,0903"
23.05.2022,"15,9266"
20.05.2022,"15,8951"
19.05.2022,"15,8951"
19.05.2022,"15,8363"
18.05.2022,"15,8740"
18.05.2022,"15,9272"
17.05.2022,"15,9316"
17.05.2022,"15,8951"
16.05.2022,"15,8297"
16.05.2022,"15,5393"
13.05.2022,"15,4769"
12.05.2022,"15,4769"
12.05.2022,"15,3626"
11.05.2022,"15,3880"
11.05.2022,"15,2970"
10.05.2022,"15,2909"
10.05.2022,"15,2487"
09.05.2022,"15,2850"
09.05.2022,"15,0842"
06.05.2022,"14,9468"
05.05.2022,"14,9468"
05.05.2022,"14,8496"
04.05.2022,"14,8556"
04.05.2022,"14,7282"
03.05.2022,"14,7143"
03.05.2022,"14,8141"
02.05.2022,"14,7975"
02.05.2022,"14,8831"
29.04.2022,"14,8517"
28.04.2022,"14,8426"
28.04.2022,"14,7909"
27.04.2022,"14,7863"
27.04.2022,"14,8072"
26.04.2022,"14,7720"
26.04.2022,"14,7997"
25.04.2022,"14,7970"
25.04.2022,"14,7772"
22.04.2022,"14,7427"
21.04.2022,"14,7339"
21.04.2022,"14,7076"
20.04.2022,"14,7021"
20.04.2022,"14,6753"
19.04.2022,"14,6641"
19.04.2022,"14,6547"
18.04.2022,"14,6503"
18.04.2022,"14,6416"
15.04.2022,"14,6360"
14.04.2022,"14,6280"
14.04.2022,"14,6128"
13.04.2022,"14,5943"
13.04.2022,"14,5958"
12.04.2022,"14,5848"
12.04.2022,"14,6006"
11.04.2022,"14,5729"
11.04.2022,"14,6634"
08.04.2022,"14,7491"
07.04.2022,"14,7364"
07.04.2022,"14,7378"
06.04.2022,"14,7176"
06.04.2022,"14,7096"
05.04.2022,"14,7062"
05.04.2022,"14,7202"
04.04.2022,"14,7175"
04.04.2022,"14,6873"
01.04.2022,"14,6865"
31.03.2022,"14,6825"
31.03.2022,"14,6739"
30.03.2022,"14,6657"
30.03.2022,"14,6553"
29.03.2022,"14,6345"
29.03.2022,"14,5845"
28.03.2022,"14,5594"
28.03.2022,"14,8182"
25.03.2022,"14,8367"
24.03.2022,"14,8286"
24.03.2022,"14,8239"
23.03.2022,"14,8149"
23.03.2022,"14,8373"
22.03.2022,"14,8194"
22.03.2022,"14,8251"
21.03.2022,"14,8213"
21.03.2022,"14,8248"
18.03.2022,"14,8090"
17.03.2022,"14,7899"
17.03.2022,"14,7018"
16.03.2022,"14,6935"
16.03.2022,"14,6354"
15.03.2022,"14,5963"
15.03.2022,"14,7022"
14.03.2022,"14,6919"
14.03.2022,"14,7804"
11.03.2022,"14,7645"
10.03.2022,"14,7541"
10.03.2022,"14,8421"
09.03.2022,"14,8102"
09.03.2022,"14,6527"
08.03.2022,"14,6278"
08.03.2022,"14,4937"
07.03.2022,"14,4675"
07.03.2022,"14,3773"
04.03.2022,"14,1865"
03.03.2022,"14,1701"
03.03.2022,"14,1187"
02.03.2022,"14,1018"
02.03.2022,"14,0190"
01.03.2022,"13,9820"
01.03.2022,"13,9181"
28.02.2022,"13,8735"
28.02.2022,"13,8486"
25.02.2022,"13,8238"
24.02.2022,"13,8196"
24.02.2022,"14,0346"
23.02.2022,"14,0034"
23.02.2022,"13,8236"
22.02.2022,"13,8085"
22.02.2022,"13,7918"
21.02.2022,"13,7642"
21.02.2022,"13,6980"
18.02.2022,"13,6541"
17.02.2022,"13,6509"
17.02.2022,"13,5759"
16.02.2022,"13,5727"
16.02.2022,"13,5996"
15.02.2022,"13,5892"
15.02.2022,"13,6071"
14.02.2022,"13,5618"
14.02.2022,"13,5989"
11.02.2022,"13,5200"
10.02.2022,"13,4694"
10.02.2022,"13,4980"
09.02.2022,"13,4683"
09.02.2022,"13,5405"
08.02.2022,"13,5245"
08.02.2022,"13,5639"
07.02.2022,"13,5611"
07.02.2022,"13,5971"
04.02.2022,"13,5687"
03.02.2022,"13,5598"
03.02.2022,"13,5605"
02.02.2022,"13,5326"
02.02.2022,"13,4612"
01.02.2022,"13,4536"
01.02.2022,"13,3746"
31.01.2022,"13,3481"
31.01.2022,"13,3209"
28.01.2022,"13,5532"
27.01.2022,"13,5423"
27.01.2022,"13,6500"
26.01.2022,"13,6295"
26.01.2022,"13,5780"
25.01.2022,"13,5561"
25.01.2022,"13,4819"
24.01.2022,"13,4279"
24.01.2022,"13,4642"
21.01.2022,"13,4487"
20.01.2022,"13,4317"
20.01.2022,"13,3551"
19.01.2022,"13,3530"
19.01.2022,"13,4098"
18.01.2022,"13,3839"
18.01.2022,"13,5362"
17.01.2022,"13,5303"
17.01.2022,"13,4436"
14.01.2022,"13,5264"
13.01.2022,"13,5314"
13.01.2022,"13,5949"
12.01.2022,"13,5595"
12.01.2022,"13,2185"
11.01.2022,"13,2200"
11.01.2022,"13,7999"
10.01.2022,"13,7755"
10.01.2022,"13,8116"
07.01.2022,"13,8745"
06.01.2022,"13,8695"
06.01.2022,"13,8604"
05.01.2022,"13,8554"
05.01.2022,"13,6806"
04.01.2022,"13,6283"
04.01.2022,"13,4084"
03.01.2022,"13,4111"
03.01.2022,"13,1463"
31.12.2021,"13,3211"
30.12.2021,"13,3161"
30.12.2021,"13,1440"
29.12.2021,"13,1260"
29.12.2021,"12,6380"
28.12.2021,"12,6359"
28.12.2021,"11,8049"
27.12.2021,"11,7980"
27.12.2021,"11,6822"
24.12.2021,"10,6500"
23.12.2021,"10,7547"
23.12.2021,"11,4040"
22.12.2021,"11,2623"
22.12.2021,"12,0251"
21.12.2021,"11,9825"
21.12.2021,"12,4351"
20.12.2021,"12,4290"
20.12.2021,"13,5070"
17.12.2021,"16,4185"
16.12.2021,"16,4135"
16.12.2021,"15,6709"
15.12.2021,"15,6661"
15.12.2021,"14,7925"
14.12.2021,"14,7901"
14.12.2021,"14,3906"
13.12.2021,"14,3841"
13.12.2021,"13,8134"
10.12.2021,"13,8801"
09.12.2021,"13,8719"
09.12.2021,"13,7858"
08.12.2021,"13,7815"
08.12.2021,"13,6753"
07.12.2021,"13,6720"
07.12.2021,"13,4947"
06.12.2021,"13,4925"
06.12.2021,"13,8002"
03.12.2021,"13,7027"
02.12.2021,"13,6999"
02.12.2021,"13,6855"
01.12.2021,"13,6783"
01.12.2021,"13,2660"
30.11.2021,"13,2646"
30.11.2021,"13,4782"
29.11.2021,"13,4732"
29.11.2021,"12,8189"
26.11.2021,"12,4253"
25.11.2021,"12,4217"
25.11.2021,"11,9904"
24.11.2021,"12,0067"
24.11.2021,"12,0876"
23.11.2021,"12,0855"
23.11.2021,"12,8216"
22.11.2021,"12,8189"
22.11.2021,"11,3840"
19.11.2021,"11,2360"
18.11.2021,"11,2310"
18.11.2021,"10,9955"
17.11.2021,"10,9905"
17.11.2021,"10,6277"
16.11.2021,"10,6103"
16.11.2021,"10,3430"
15.11.2021,"10,3395"
15.11.2021,"10,0615"
12.11.2021,"9,9784"
11.11.2021,"9,9751"
11.11.2021,"9,9052"
10.11.2021,"9,9006"
10.11.2021,"9,8427"
09.11.2021,"9,8381"
09.11.2021,"9,7331"
08.11.2021,"9,7254"
08.11.2021,"9,6840"
05.11.2021,"9,6933"
04.11.2021,"9,6741"
04.11.2021,"9,7046"
03.11.2021,"9,6893"
03.11.2021,"9,6448"
02.11.2021,"9,6276"
02.11.2021,"9,6033"
01.11.2021,"9,6011"
01.11.2021,"9,5392"
29.10.2021,"9,6080"
28.10.2021,"9,6030"
28.10.2021,"9,5433"
27.10.2021,"9,5272"
27.10.2021,"9,4972"
26.10.2021,"9,4876"
26.10.2021,"9,5438"
25.10.2021,"9,5350"
25.10.2021,"9,5884"
22.10.2021,"9,5988"
21.10.2021,"9,6083"
21.10.2021,"9,5193"
20.10.2021,"9,5257"
20.10.2021,"9,2195"
19.10.2021,"9,2125"
19.10.2021,"9,3016"
18.10.2021,"9,2908"
18.10.2021,"9,3343"
15.10.2021,"9,2683"
14.10.2021,"9,2517"
14.10.2021,"9,1870"
13.10.2021,"9,1720"
13.10.2021,"9,0900"
12.10.2021,"9,1596"
12.10.2021,"9,0428"
11.10.2021,"9,0280"
11.10.2021,"8,9997"
10.10.2021,"8,9950"
08.10.2021,"8,9767"
07.10.2021,"8,9614"
07.10.2021,"8,8781"
06.10.2021,"8,8689"
06.10.2021,"8,8804"
05.10.2021,"8,8678"
05.10.2021,"8,8738"
04.10.2021,"8,8586"
04.10.2021,"8,8571"
03.10.2021,"8,8501"
01.10.2021,"8,8609"
30.09.2021,"8,8552"
30.09.2021,"8,8912"
29.09.2021,"8,8798"
29.09.2021,"8,9238"
28.09.2021,"8,9086"
28.09.2021,"8,8765"
27.09.2021,"8,8640"
27.09.2021,"8,8224"
26.09.2021,"8,8161"
24.09.2021,"8,8836"
23.09.2021,"8,8786"
23.09.2021,"8,7679"
22.09.2021,"8,7559"
22.09.2021,"8,6570"
21.09.2021,"8,6401"
21.09.2021,"8,6274"
20.09.2021,"8,6230"
20.09.2021,"8,6717"
19.09.2021,"8,6591"
17.09.2021,"8,6440"
16.09.2021,"8,6238"
16.09.2021,"8,5313"
15.09.2021,"8,5243"
15.09.2021,"8,4354"
14.09.2021,"8,4211"
14.09.2021,"8,4425"
13.09.2021,"8,4243"
13.09.2021,"8,4275"
12.09.2021,"8,4253"
10.09.2021,"8,4694"
09.09.2021,"8,4553"
09.09.2021,"8,4366"
08.09.2021,"8,4416"
08.09.2021,"8,4734"
07.09.2021,"8,4700"
07.09.2021,"8,3527"
06.09.2021,"8,3416"
06.09.2021,"8,2821"
05.09.2021,"8,2750"
03.09.2021,"8,3227"
02.09.2021,"8,3049"
02.09.2021,"8,2781"
01.09.2021,"8,2791"
01.09.2021,"8,2960"
31.08.2021,"8,3041"
31.08.2021,"8,3164"
30.08.2021,"8,3014"
30.08.2021,"8,3799"
29.08.2021,"8,3863"
27.08.2021,"8,3537"
26.08.2021,"8,3434"
26.08.2021,"8,3925"
25.08.2021,"8,3746"
25.08.2021,"8,3787"
24.08.2021,"8,3710"
24.08.2021,"8,4102"
23.08.2021,"8,4027"
23.08.2021,"8,4275"
22.08.2021,"8,4169"
20.08.2021,"8,4941"
19.08.2021,"8,4852"
19.08.2021,"8,5125"
18.08.2021,"8,5012"
18.08.2021,"8,4544"
17.08.2021,"8,4434"
17.08.2021,"8,4346"
16.08.2021,"8,4239"
16.08.2021,"8,4612"
15.08.2021,"8,4567"
13.08.2021,"8,5241"
12.08.2021,"8,5171"
12.08.2021,"8,5584"
11.08.2021,"8,5647"
11.08.2021,"8,6311"
10.08.2021,"8,6238"
10.08.2021,"8,6076"
09.08.2021,"8,5928"
09.08.2021,"8,6540"
08.08.2021,"8,6481"
06.08.2021,"8,6306"
05.08.2021,"8,6160"
05.08.2021,"8,5290"
04.08.2021,"8,5171"
04.08.2021,"8,4784"
03.08.2021,"8,4749"
03.08.2021,"8,4085"
02.08.2021,"8,4013"
02.08.2021,"8,3529"
01.08.2021,"8,3513"
30.07.2021,"8,4540"
29.07.2021,"8,4333"
29.07.2021,"8,4525"
28.07.2021,"8,4555"
28.07.2021,"8,5552"
27.07.2021,"8,5536"
27.07.2021,"8,5654"
26.07.2021,"8,5619"
26.07.2021,"8,5589"
25.07.2021,"8,5526"
23.07.2021,"8,5554"
22.07.2021,"8,5471"
22.07.2021,"8,5620"
21.07.2021,"8,5615"
21.07.2021,"8,5635"
20.07.2021,"8,5720"
20.07.2021,"8,5720"
19.07.2021,"8,5574"
19.07.2021,"8,5816"
18.07.2021,"8,5772"
16.07.2021,"8,5237"
15.07.2021,"8,5144"
15.07.2021,"8,5705"
14.07.2021,"8,5664"
14.07.2021,"8,5919"
13.07.2021,"8,5774"
13.07.2021,"8,6255"
12.07.2021,"8,6078"
12.07.2021,"8,6409"
11.07.2021,"8,6363"
09.07.2021,"8,6607"
08.07.2021,"8,6461"
08.07.2021,"8,6955"
07.07.2021,"8,6887"
07.07.2021,"8,6903"
06.07.2021,"8,6812"
06.07.2021,"8,6919"
05.07.2021,"8,6820"
05.07.2021,"8,6723"
04.07.2021,"8,6616"
02.07.2021,"8,6899"
01.07.2021,"8,6792"
01.07.2021,"8,6635"
30.06.2021,"8,6461"
30.06.2021,"8,7087"
29.06.2021,"8,6991"
29.06.2021,"8,7383"
28.06.2021,"8,7310"
28.06.2021,"8,6898"
27.06.2021,"8,6843"
25.06.2021,"8,7659"
24.06.2021,"8,7493"
24.06.2021,"8,7088"
23.06.2021,"8,6930"
23.06.2021,"8,6425"
22.06.2021,"8,6268"
22.06.2021,"8,6531"
21.06.2021,"8,6412"
21.06.2021,"8,7699"
20.06.2021,"8,7759"
18.06.2021,"8,7418"
17.06.2021,"8,7257"
17.06.2021,"8,7199"
16.06.2021,"8,7143"
16.06.2021,"8,6071"
15.06.2021,"8,6029"
15.06.2021,"8,5573"
14.06.2021,"8,5566"
14.06.2021,"8,4689"
13.06.2021,"8,4520"
11.06.2021,"8,3868"
10.06.2021,"8,3818"
10.06.2021,"8,4269"
09.06.2021,"8,4238"
09.06.2021,"8,5882"
08.06.2021,"8,5806"
08.06.2021,"8,6050"
07.06.2021,"8,6027"
07.06.2021,"8,5895"
06.06.2021,"8,6139"
04.06.2021,"8,6681"
03.06.2021,"8,6563"
03.06.2021,"8,7024"
02.06.2021,"8,6875"
02.06.2021,"8,5926"
01.06.2021,"8,5810"
01.06.2021,"8,5369"
31.05.2021,"8,6685"
31.05.2021,"8,4896"
30.05.2021,"8,4793"
28.05.2021,"8,5576"
27.05.2021,"8,5484"
27.05.2021,"8,5017"
26.05.2021,"8,4844"
26.05.2021,"8,4563"
25.05.2021,"8,4512"
25.05.2021,"8,4593"
24.05.2021,"8,4412"
24.05.2021,"8,3882"
23.05.2021,"8,3878"
21.05.2021,"8,4177"
20.05.2021,"8,4066"
20.05.2021,"8,3800"
19.05.2021,"8,3669"
19.05.2021,"8,4137"
18.05.2021,"8,4106"
18.05.2021,"8,3559"
17.05.2021,"8,3393"
17.05.2021,"8,3135"
16.05.2021,"8,3064"
14.05.2021,"8,4527"
13.05.2021,"8,4441"
13.05.2021,"8,5025"
12.05.2021,"8,5000"
12.05.2021,"8,4311"
11.05.2021,"8,4194"
11.05.2021,"8,2883"
10.05.2021,"8,2875"
10.05.2021,"8,2783"
09.05.2021,"8,2562"
07.05.2021,"8,2386"
06.05.2021,"8,2388"
06.05.2021,"8,2828"
05.05.2021,"8,2664"
05.05.2021,"8,3175"
04.05.2021,"8,3186"
04.05.2021,"8,3288"
03.05.2021,"8,3047"
03.05.2021,"8,2515"
02.05.2021,"8,2435"
30.04.2021,"8,2884"
29.04.2021,"8,2735"
29.04.2021,"8,2216"
28.04.2021,"8,1935"
28.04.2021,"8,1995"
27.04.2021,"8,1833"
27.04.2021,"8,2169"
26.04.2021,"8,2023"
26.04.2021,"8,2837"
25.04.2021,"8,2751"
23.04.2021,"8,3786"
22.04.2021,"8,3758"
22.04.2021,"8,3243"
21.04.2021,"8,3101"
21.04.2021,"8,1896"
20.04.2021,"8,1847"
20.04.2021,"8,1163"
19.04.2021,"8,1062"
19.04.2021,"8,0960"
18.04.2021,"8,0810"
16.04.2021,"8,0720"
15.04.2021,"8,0567"
15.04.2021,"8,0204"
14.04.2021,"8,0115"
14.04.2021,"8,0788"
13.04.2021,"8,0618"
13.04.2021,"8,1196"
12.04.2021,"8,0999"
12.04.2021,"8,1576"
11.04.2021,"8,1529"
09.04.2021,"8,1674"
08.04.2021,"8,1534"
08.04.2021,"8,1414"
07.04.2021,"8,1253"
07.04.2021,"8,1582"
06.04.2021,"8,1494"
06.04.2021,"8,1421"
05.04.2021,"8,1335"
05.04.2021,"8,1108"
04.04.2021,"8,1024"
02.04.2021,"8,1669"
01.04.2021,"8,1619"
01.04.2021,"8,1221"
31.03.2021,"8,1017"
31.03.2021,"8,2489"
30.03.2021,"8,2343"
30.03.2021,"8,3362"
29.03.2021,"8,3275"
29.03.2021,"8,2091"
28.03.2021,"8,2490"
26.03.2021,"8,1400"
25.03.2021,"8,0672"
25.03.2021,"7,9512"
24.03.2021,"7,9303"
24.03.2021,"7,9346"
23.03.2021,"7,9143"
23.03.2021,"7,9442"
22.03.2021,"7,9380"
22.03.2021,"7,8013"
21.03.2021,"7,7639"
19.03.2021,"7,2190"
18.03.2021,"7,2140"
18.03.2021,"7,3260"
17.03.2021,"7,3223"
17.03.2021,"7,5037"
16.03.2021,"7,4953"
16.03.2021,"7,4957"
15.03.2021,"7,4926"
15.03.2021,"7,5366"
14.03.2021,"7,5303"
12.03.2021,"7,5636"
11.03.2021,"7,5535"
11.03.2021,"7,4783"
10.03.2021,"7,4632"
10.03.2021,"7,5024"
09.03.2021,"7,4962"
09.03.2021,"7,6166"
08.03.2021,"7,6092"
08.03.2021,"7,7718"
07.03.2021,"7,7336"
05.03.2021,"7,5388"
04.03.2021,"7,5348"
04.03.2021,"7,5039"
03.03.2021,"7,4764"
03.03.2021,"7,4615"
02.03.2021,"7,4453"
02.03.2021,"7,3522"
01.03.2021,"7,3472"
01.03.2021,"7,2909"
28.02.2021,"7,2813"
26.02.2021,"7,4253"
25.02.2021,"7,4221"
25.02.2021,"7,3395"
24.02.2021,"7,3292"
24.02.2021,"7,1684"
23.02.2021,"7,1651"
23.02.2021,"7,1070"
22.02.2021,"7,1054"
22.02.2021,"7,0194"
21.02.2021,"7,0171"
19.02.2021,"6,9637"
18.02.2021,"6,9532"
18.02.2021,"6,9678"
17.02.2021,"6,9711"
17.02.2021,"6,9737"
16.02.2021,"6,9725"
16.02.2021,"6,9913"
15.02.2021,"6,9841"
15.02.2021,"6,9634"
14.02.2021,"6,9573"
12.02.2021,"7,0369"
11.02.2021,"7,0319"
11.02.2021,"7,0255"
10.02.2021,"7,0235"
10.02.2021,"7,0618"
09.02.2021,"7,0560"
09.02.2021,"7,0649"
08.02.2021,"7,0608"
08.02.2021,"7,0713"
07.02.2021,"7,0648"
05.02.2021,"7,0538"
04.02.2021,"7,0488"
04.02.2021,"7,1373"
03.02.2021,"7,1357"
03.02.2021,"7,1620"
02.02.2021,"7,1526"
02.02.2021,"7,1967"
01.02.2021,"7,1865"
01.02.2021,"7,1946"
31.01.2021,"7,1876"
29.01.2021,"7,3149"
28.01.2021,"7,3102"
28.01.2021,"7,3406"
27.01.2021,"7,3481"
27.01.2021,"7,3968"
26.01.2021,"7,3918"
26.01.2021,"7,3479"
25.01.2021,"7,3402"
25.01.2021,"7,4090"
24.01.2021,"7,3977"
22.01.2021,"7,4146"
21.01.2021,"7,4072"
21.01.2021,"7,3685"
20.01.2021,"7,3669"
20.01.2021,"7,4219"
19.01.2021,"7,4139"
19.01.2021,"7,4741"
18.01.2021,"7,4711"
18.01.2021,"7,4818"
17.01.2021,"7,4837"
15.01.2021,"7,4753"
14.01.2021,"7,4468"
14.01.2021,"7,3719"
13.01.2021,"7,3699"
13.01.2021,"7,4064"
12.01.2021,"7,4028"
12.01.2021,"7,4532"
11.01.2021,"7,4433"
11.01.2021,"7,4781"
10.01.2021,"7,4733"
08.01.2021,"7,3762"
07.01.2021,"7,3626"
07.01.2021,"7,3198"
06.01.2021,"7,3169"
06.01.2021,"7,3067"
05.01.2021,"7,3019"
05.01.2021,"7,3906"
04.01.2021,"7,3844"
04.01.2021,"7,4248"
03.01.2021,"7,4184"
01.01.2021,"7,4392"
31.12.2020,"7,4257"
31.12.2020,"7,4370"
30.12.2020,"7,4257"
30.12.2020,"7,3823"
29.12.2020,"7,3837"
29.12.2020,"7,3865"
28.12.2020,"7,3815"
28.12.2020,"7,4466"
27.12.2020,"7,4342"
25.12.2020,"7,5575"
24.12.2020,"7,5835"
24.12.2020,"7,5797"
23.12.2020,"7,5835"
23.12.2020,"7,6411"
22.12.2020,"7,6343"
22.12.2020,"7,6620"
21.12.2020,"7,6360"
21.12.2020,"7,6541"
20.12.2020,"7,6501"
18.12.2020,"7,6289"
17.12.2020,"7,6217"
17.12.2020,"7,7009"
16.12.2020,"7,6944"
16.12.2020,"7,7991"
15.12.2020,"7,7944"
15.12.2020,"7,8350"
14.12.2020,"7,8275"
14.12.2020,"7,8533"
13.12.2020,"7,8470"
11.12.2020,"7,8612"
10.12.2020,"7,8545"
10.12.2020,"7,8884"
09.12.2020,"7,8785"
09.12.2020,"7,8266"
08.12.2020,"7,8208"
08.12.2020,"7,8155"
07.12.2020,"7,8100"
07.12.2020,"7,8009"
06.12.2020,"7,8012"
04.12.2020,"7,8031"
03.12.2020,"7,7958"
03.12.2020,"7,7752"
02.12.2020,"7,7660"
02.12.2020,"7,8522"
01.12.2020,"7,8439"
01.12.2020,"7,8288"
30.11.2020,"7,8203"
30.11.2020,"7,8324"
29.11.2020,"7,8094"
27.11.2020,"7,8352"
26.11.2020,"7,8332"
26.11.2020,"7,8711"
25.11.2020,"7,8691"
25.11.2020,"7,9317"
24.11.2020,"7,9358"
24.11.2020,"8,0022"
23.11.2020,"7,9975"
23.11.2020,"7,8850"
22.11.2020,"7,8788"
20.11.2020,"7,6359"
19.11.2020,"7,6323"
19.11.2020,"7,5527"
18.11.2020,"7,5503"
18.11.2020,"7,7060"
17.11.2020,"7,7040"
17.11.2020,"7,7002"
16.11.2020,"7,7069"
16.11.2020,"7,6996"
15.11.2020,"7,6976"
13.11.2020,"7,6642"
12.11.2020,"7,6403"
12.11.2020,"7,6899"
11.11.2020,"7,6736"
11.11.2020,"7,7996"
10.11.2020,"7,7949"
10.11.2020,"8,1471"
09.11.2020,"8,1599"
09.11.2020,"8,0654"
08.11.2020,"8,0635"
06.11.2020,"8,5250"
05.11.2020,"8,5200"
05.11.2020,"8,4222"
04.11.2020,"8,4203"
04.11.2020,"8,4271"
03.11.2020,"8,4251"
03.11.2020,"8,4036"
02.11.2020,"8,3999"
02.11.2020,"8,4220"
01.11.2020,"8,4191"
30.10.2020,"8,3468"
29.10.2020,"8,3440"
29.10.2020,"8,2921"
28.10.2020,"8,2926"
28.10.2020,"8,2579"
27.10.2020,"8,2737"
27.10.2020,"8,1874"
26.10.2020,"8,1899"
26.10.2020,"8,0837"
25.10.2020,"8,0903"
23.10.2020,"7,9648"
22.10.2020,"7,9610"
22.10.2020,"7,9351"
21.10.2020,"7,9447"
21.10.2020,"7,8121"
20.10.2020,"7,8083"
20.10.2020,"7,8657"
19.10.2020,"7,8590"
19.10.2020,"7,8837"
18.10.2020,"7,8790"
16.10.2020,"7,9344"
15.10.2020,"7,9313"
15.10.2020,"7,9350"
14.10.2020,"7,9324"
14.10.2020,"7,9119"
13.10.2020,"7,9055"
13.10.2020,"7,9187"
12.10.2020,"7,9243"
12.10.2020,"7,8911"
11.10.2020,"7,8850"
09.10.2020,"7,8593"
08.10.2020,"7,8565"
08.10.2020,"7,9446"
07.10.2020,"7,9390"
07.10.2020,"7,8848"
06.10.2020,"7,8783"
06.10.2020,"7,7969"
05.10.2020,"7,7976"
05.10.2020,"7,7639"
04.10.2020,"7,7620"
02.10.2020,"7,7748"
01.10.2020,"7,7534"
01.10.2020,"7,7530"
30.09.2020,"7,7229"
30.09.2020,"7,7187"
29.09.2020,"7,7199"
29.09.2020,"7,8189"
28.09.2020,"7,8059"
28.09.2020,"7,8044"
27.09.2020,"7,7855"
25.09.2020,"7,6647"
24.09.2020,"7,6640"
24.09.2020,"7,6256"
23.09.2020,"7,6190"
23.09.2020,"7,7007"
22.09.2020,"7,6968"
22.09.2020,"7,6659"
21.09.2020,"7,6665"
21.09.2020,"7,6328"
20.09.2020,"7,6249"
18.09.2020,"7,5603"
17.09.2020,"7,5563"
17.09.2020,"7,5504"
16.09.2020,"7,5410"
16.09.2020,"7,5074"
15.09.2020,"7,4847"
15.09.2020,"7,4940"
14.09.2020,"7,4890"
14.09.2020,"7,4880"
13.09.2020,"7,4722"
11.09.2020,"7,4764"
10.09.2020,"7,4745"
10.09.2020,"7,4501"
09.09.2020,"7,4431"
09.09.2020,"7,4868"
08.09.2020,"7,4790"
08.09.2020,"7,4849"
07.09.2020,"7,4847"
07.09.2020,"7,4562"
06.09.2020,"7,4536"
04.09.2020,"7,4371"
03.09.2020,"7,4402"
03.09.2020,"7,4365"
02.09.2020,"7,4466"
02.09.2020,"7,3862"
01.09.2020,"7,3765"
01.09.2020,"7,3692"
31.08.2020,"7,3634"
31.08.2020,"7,3506"
30.08.2020,"7,3365"
28.08.2020,"7,3349"
27.08.2020,"7,3329"
27.08.2020,"7,3617"
26.08.2020,"7,3374"
26.08.2020,"7,3702"
25.08.2020,"7,3607"
25.08.2020,"7,3933"
24.08.2020,"7,3936"
24.08.2020,"7,3788"
23.08.2020,"7,3741"
21.08.2020,"7,3386"
20.08.2020,"7,3315"
20.08.2020,"7,2978"
19.08.2020,"7,2957"
19.08.2020,"7,2925"
18.08.2020,"7,2871"
18.08.2020,"7,3736"
17.08.2020,"7,3738"
17.08.2020,"7,3837"
16.08.2020,"7,3853"
14.08.2020,"7,3698"
13.08.2020,"7,3513"
13.08.2020,"7,3384"
12.08.2020,"7,3291"
12.08.2020,"7,3316"
11.08.2020,"7,3221"
11.08.2020,"7,2291"
10.08.2020,"7,1842"
10.08.2020,"7,3349"
09.08.2020,"7,3290"
07.08.2020,"7,2941"
06.08.2020,"7,2911"
06.08.2020,"7,2389"
05.08.2020,"7,2179"
05.08.2020,"7,0476"
04.08.2020,"7,0404"
04.08.2020,"6,9008"
03.08.2020,"6,9217"
03.08.2020,"6,9578"
02.08.2020,"6,9408"
31.07.2020,"6,9719"
30.07.2020,"6,9729"
30.07.2020,"6,9955"
29.07.2020,"6,9735"
29.07.2020,"6,9831"
28.07.2020,"6,9661"
28.07.2020,"6,9355"
27.07.2020,"6,9309"
27.07.2020,"6,8625"
26.07.2020,"6,8648"
24.07.2020,"6,8484"
23.07.2020,"6,8446"
23.07.2020,"6,8438"
22.07.2020,"6,8356"
22.07.2020,"6,8506"
21.07.2020,"6,8388"
21.07.2020,"6,8254"
20.07.2020,"6,8173"
20.07.2020,"6,8578"
19.07.2020,"6,8505"
17.07.2020,"6,8586"
16.07.2020,"6,8571"
16.07.2020,"6,8571"
15.07.2020,"6,8555"
15.07.2020,"6,8558"
14.07.2020,"6,8568"
14.07.2020,"6,8642"
13.07.2020,"6,8617"
13.07.2020,"6,8602"
12.07.2020,"6,8557"
10.07.2020,"6,8658"
09.07.2020,"6,8638"
09.07.2020,"6,8620"
08.07.2020,"6,8602"
08.07.2020,"6,8605"
07.07.2020,"6,8606"
07.07.2020,"6,8595"
06.07.2020,"6,8533"
06.07.2020,"6,8609"
05.07.2020,"6,8574"
03.07.2020,"6,8624"
02.07.2020,"6,8571"
02.07.2020,"6,8510"
01.07.2020,"6,8500"
01.07.2020,"6,8479"
30.06.2020,"6,8460"
30.06.2020,"6,8525"
29.06.2020,"6,8502"
29.06.2020,"6,8548"
28.06.2020,"6,8517"
26.06.2020,"6,8546"
25.06.2020,"6,8542"
25.06.2020,"6,8549"
24.06.2020,"6,8521"
24.06.2020,"6,8558"
23.06.2020,"6,8499"
23.06.2020,"6,8511"
22.06.2020,"6,8469"
22.06.2020,"6,8483"
21.06.2020,"6,8388"
19.06.2020,"6,8530"
18.06.2020,"6,8500"
18.06.2020,"6,8562"
17.06.2020,"6,8575"
17.06.2020,"6,8448"
16.06.2020,"6,8369"
16.06.2020,"6,8439"
15.06.2020,"6,8487"
15.06.2020,"6,8363"
14.06.2020,"6,8208"
12.06.2020,"6,8126"
11.06.2020,"6,8105"
11.06.2020,"6,8414"
10.06.2020,"6,8342"
10.06.2020,"6,7768"
09.06.2020,"6,7672"
09.06.2020,"6,7973"
08.06.2020,"6,7901"
08.06.2020,"6,7876"
07.06.2020,"6,7877"
05.06.2020,"6,7700"
04.06.2020,"6,7589"
04.06.2020,"6,7558"
03.06.2020,"6,7474"
03.06.2020,"6,7440"
02.06.2020,"6,7215"
02.06.2020,"6,7145"
01.06.2020,"6,7081"
01.06.2020,"6,8142"
31.05.2020,"6,8026"
29.05.2020,"6,8202"
28.05.2020,"6,8121"
28.05.2020,"6,8138"
27.05.2020,"6,8176"
27.05.2020,"6,7739"
26.05.2020,"6,7751"
26.05.2020,"6,7275"
25.05.2020,"6,7219"
25.05.2020,"6,8100"
24.05.2020,"6,8105"
22.05.2020,"6,8147"
21.05.2020,"6,8123"
21.05.2020,"6,7915"
20.05.2020,"6,7845"
20.05.2020,"6,7912"
19.05.2020,"6,7829"
19.05.2020,"6,7775"
18.05.2020,"6,7686"
18.05.2020,"6,8851"
17.05.2020,"6,8805"
15.05.2020,"6,9012"
14.05.2020,"6,8994"
14.05.2020,"6,9220"
13.05.2020,"6,9220"
13.05.2020,"6,9748"
12.05.2020,"6,9704"
12.05.2020,"6,9971"
11.05.2020,"6,9907"
11.05.2020,"7,0762"
10.05.2020,"7,0690"
08.05.2020,"7,0840"
07.05.2020,"7,0802"
07.05.2020,"7,1195"
06.05.2020,"7,1224"
06.05.2020,"7,1968"
05.05.2020,"7,1986"
05.05.2020,"7,0746"
04.05.2020,"7,0665"
04.05.2020,"7,0430"
03.05.2020,"7,0438"
01.05.2020,"7,0120"
30.04.2020,"7,0047"
30.04.2020,"6,9864"
29.04.2020,"6,9867"
29.04.2020,"6,9520"
28.04.2020,"6,9507"
28.04.2020,"6,9868"
27.04.2020,"6,9808"
27.04.2020,"6,9862"
26.04.2020,"6,9821"
24.04.2020,"6,9742"
23.04.2020,"6,9472"
23.04.2020,"6,9462"
22.04.2020,"6,9437"
22.04.2020,"6,9787"
21.04.2020,"6,9766"
21.04.2020,"6,9812"
20.04.2020,"6,9695"
20.04.2020,"6,9402"
19.04.2020,"6,9388"
17.04.2020,"6,9318"
16.04.2020,"6,9229"
16.04.2020,"6,9397"
15.04.2020,"6,9194"
15.04.2020,"6,9118"
14.04.2020,"6,9048"
14.04.2020,"6,8155"
13.04.2020,"6,8147"
13.04.2020,"6,7721"
12.04.2020,"6,7705"
10.04.2020,"6,7001"
09.04.2020,"6,6880"
09.04.2020,"6,6746"
08.04.2020,"6,6765"
08.04.2020,"6,7737"
07.04.2020,"6,7648"
07.04.2020,"6,7540"
06.04.2020,"6,7577"
06.04.2020,"6,7815"
05.04.2020,"6,7618"
03.04.2020,"6,7310"
02.04.2020,"6,7348"
02.04.2020,"6,6153"
01.04.2020,"6,6288"
01.04.2020,"6,7029"
31.03.2020,"6,7086"
31.03.2020,"6,6143"
30.03.2020,"6,6139"
30.03.2020,"6,5773"
29.03.2020,"6,5652"
27.03.2020,"6,4550"
26.03.2020,"6,4530"
26.03.2020,"6,3979"
25.03.2020,"6,3920"
25.03.2020,"6,4169"
24.03.2020,"6,4161"
24.03.2020,"6,4203"
23.03.2020,"6,4109"
23.03.2020,"6,5617"
22.03.2020,"6,5552"
20.03.2020,"6,5525"
19.03.2020,"6,5472"
19.03.2020,"6,5439"
18.03.2020,"6,5403"
18.03.2020,"6,4858"
17.03.2020,"6,4786"
17.03.2020,"6,3974"
16.03.2020,"6,3951"
16.03.2020,"6,4315"
15.03.2020,"6,4222"
13.03.2020,"6,3321"
12.03.2020,"6,3283"
12.03.2020,"6,3159"
11.03.2020,"6,3118"
11.03.2020,"6,2091"
10.03.2020,"6,2108"
10.03.2020,"6,1575"
09.03.2020,"6,1757"
09.03.2020,"6,1442"
08.03.2020,"6,1538"
06.03.2020,"6,0919"
05.03.2020,"6,0899"
05.03.2020,"6,1105"
04.03.2020,"6,1097"
04.03.2020,"6,0773"
03.03.2020,"6,0731"
03.03.2020,"6,1070"
02.03.2020,"6,1034"
02.03.2020,"6,1743"
01.03.2020,"6,1713"
28.02.2020,"6,2427"
27.02.2020,"6,2371"
27.02.2020,"6,2078"
26.02.2020,"6,2067"
26.02.2020,"6,1590"
25.02.2020,"6,1547"
25.02.2020,"6,1441"
24.02.2020,"6,1413"
24.02.2020,"6,1177"
23.02.2020,"6,1144"
21.02.2020,"6,0964"
20.02.2020,"6,0963"
20.02.2020,"6,1004"
19.02.2020,"6,0959"
19.02.2020,"6,0823"
18.02.2020,"6,0790"
18.02.2020,"6,0642"
17.02.2020,"6,0595"
17.02.2020,"6,0449"
16.02.2020,"6,0427"
14.02.2020,"6,0505"
13.02.2020,"6,0550"
13.02.2020,"6,0405"
12.02.2020,"6,0352"
12.02.2020,"6,0420"
11.02.2020,"6,0437"
11.02.2020,"6,0163"
10.02.2020,"6,0029"
10.02.2020,"6,0108"
09.02.2020,"6,0048"
07.02.2020,"6,0153"
06.02.2020,"6,0143"
06.02.2020,"5,9874"
05.02.2020,"5,9858"
05.02.2020,"5,9827"
04.02.2020,"5,9799"
04.02.2020,"5,9801"
03.02.2020,"5,9778"
03.02.2020,"5,9844"
02.02.2020,"5,9839"
31.01.2020,"5,9822"
30.01.2020,"5,9812"
30.01.2020,"5,9725"
29.01.2020,"5,9698"
29.01.2020,"5,9567"
28.01.2020,"5,9566"
28.01.2020,"5,9403"
27.01.2020,"5,9396"
27.01.2020,"5,9440"
26.01.2020,"5,9389"
24.01.2020,"5,9391"
23.01.2020,"5,9378"
23.01.2020,"5,9344"
22.01.2020,"5,9323"
22.01.2020,"5,9222"
21.01.2020,"5,9209"
21.01.2020,"5,9376"
20.01.2020,"5,9348"
20.01.2020,"5,9132"
19.01.2020,"5,9099"
17.01.2020,"5,8908"
16.01.2020,"5,8857"
16.01.2020,"5,8597"
15.01.2020,"5,8547"
15.01.2020,"5,8758"
14.01.2020,"5,8728"
14.01.2020,"5,8819"
13.01.2020,"5,8798"
13.01.2020,"5,8671"
12.01.2020,"5,8657"
10.01.2020,"5,8777"
09.01.2020,"5,8767"
09.01.2020,"5,8739"
08.01.2020,"5,8723"
08.01.2020,"5,9091"
07.01.2020,"5,9050"
07.01.2020,"5,9727"
06.01.2020,"5,9706"
06.01.2020,"5,9690"
05.01.2020,"5,9674"
03.01.2020,"5,9723"
02.01.2020,"5,9712"
02.01.2020,"5,9566"
01.01.2020,"5,9540"
01.01.2020,"5,9466"
31.12.2019,"5,9433"
31.12.2019,"5,9489"
30.12.2019,"5,9479"
30.12.2019,"5,9479"
29.12.2019,"5,9462"
27.12.2019,"5,9502"
26.12.2019,"5,9441"
26.12.2019,"5,9335"
25.12.2019,"5,9310"
25.12.2019,"5,9350"
24.12.2019,"5,9351"
24.12.2019,"5,9468"
23.12.2019,"5,9460"
23.12.2019,"5,9486"
22.12.2019,"5,9470"
20.12.2019,"5,9400"
19.12.2019,"5,9330"
19.12.2019,"5,9417"
18.12.2019,"5,9392"
18.12.2019,"5,9261"
17.12.2019,"5,9256"
17.12.2019,"5,8860"
16.12.2019,"5,8835"
16.12.2019,"5,8498"
15.12.2019,"5,8484"
13.12.2019,"5,8082"
12.12.2019,"5,8072"
12.12.2019,"5,7914"
11.12.2019,"5,7890"
11.12.2019,"5,8074"
10.12.2019,"5,7984"
10.12.2019,"5,8057"
09.12.2019,"5,8050"
09.12.2019,"5,8113"
08.12.2019,"5,8073"
06.12.2019,"5,7766"
05.12.2019,"5,7740"
05.12.2019,"5,7485"
04.12.2019,"5,7453"
04.12.2019,"5,7508"
03.12.2019,"5,7486"
03.12.2019,"5,7431"
02.12.2019,"5,7414"
02.12.2019,"5,7415"
01.12.2019,"5,7380"
29.11.2019,"5,7470"
28.11.2019,"5,7460"
28.11.2019,"5,7585"
27.11.2019,"5,7541"
27.11.2019,"5,7779"
26.11.2019,"5,7745"
26.11.2019,"5,7597"
25.11.2019,"5,7552"
25.11.2019,"5,7416"
24.11.2019,"5,7388"
22.11.2019,"5,7132"
21.11.2019,"5,7122"
21.11.2019,"5,6966"
20.11.2019,"5,6943"
20.11.2019,"5,6997"
19.11.2019,"5,6954"
19.11.2019,"5,6990"
18.11.2019,"5,7369"
15.11.2019,"5,7453"
14.11.2019,"5,7477"
13.11.2019,"5,7403"
12.11.2019,"5,7776"
11.11.2019,"5,7733"
08.11.2019,"5,7668"
07.11.2019,"5,7522"
06.11.2019,"5,7508"
05.11.2019,"5,7532"
04.11.2019,"5,7387"
01.11.2019,"5,7124"
31.10.2019,"5,7130"
30.10.2019,"5,7020"
29.10.2019,"5,7372"
28.10.2019,"5,7312"
25.10.2019,"5,7748"
24.10.2019,"5,7647"
23.10.2019,"5,7351"
22.10.2019,"5,8084"
21.10.2019,"5,8582"
18.10.2019,"5,7919"
17.10.2019,"5,8299"
16.10.2019,"5,8870"
15.10.2019,"5,9164"
14.10.2019,"5,9271"
11.10.2019,"5,8853"
10.10.2019,"5,8365"
09.10.2019,"5,8712"
08.10.2019,"5,8310"
07.10.2019,"5,8328"
04.10.2019,"5,6962"
03.10.2019,"5,6947"
02.10.2019,"5,7020"
01.10.2019,"5,7231"
30.09.2019,"5,6489"
27.09.2019,"5,6708"
26.09.2019,"5,6655"
25.09.2019,"5,6706"
24.09.2019,"5,6973"
23.09.2019,"5,7174"
20.09.2019,"5,7439"
19.09.2019,"5,7187"
18.09.2019,"5,6768"
17.09.2019,"5,7016"
16.09.2019,"5,7289"
13.09.2019,"5,6861"
12.09.2019,"5,6566"
11.09.2019,"5,7515"
10.09.2019,"5,7683"
09.09.2019,"5,7500"
06.09.2019,"5,7155"
05.09.2019,"5,6917"
04.09.2019,"5,6670"
03.09.2019,"5,7293"
02.09.2019,"5,8068"
30.08.2019,"5,8306"
29.08.2019,"5,8400"
28.08.2019,"5,8134"
27.08.2019,"5,8276"
26.08.2019,"5,8252"
23.08.2019,"5,7599"
22.08.2019,"5,7688"
21.08.2019,"5,7162"
20.08.2019,"5,7290"
19.08.2019,"5,6609"
16.08.2019,"5,5785"
15.08.2019,"5,5680"
14.08.2019,"5,6128"
13.08.2019,"5,5629"
12.08.2019,"5,5640"
09.08.2019,"5,4917"
08.08.2019,"5,4781"
07.08.2019,"5,4938"
06.08.2019,"5,5209"
05.08.2019,"5,5715"
02.08.2019,"5,5597"
01.08.2019,"5,6038"
31.07.2019,"5,5864"
30.07.2019,"5,5597"
29.07.2019,"5,6148"
26.07.2019,"5,6718"
25.07.2019,"5,7027"
24.07.2019,"5,7085"
23.07.2019,"5,7178"
22.07.2019,"5,6770"
19.07.2019,"5,6551"
18.07.2019,"5,6181"
17.07.2019,"5,6842"
16.07.2019,"5,7118"
15.07.2019,"5,7148"
12.07.2019,"5,7200"
11.07.2019,"5,6734"
10.07.2019,"5,6741"
09.07.2019,"5,7323"
08.07.2019,"5,7367"
05.07.2019,"5,6288"
04.07.2019,"5,5953"
03.07.2019,"5,6249"
02.07.2019,"5,6528"
01.07.2019,"5,6507"
28.06.2019,"5,7921"
27.06.2019,"5,7725"
26.06.2019,"5,7749"
25.06.2019,"5,7949"
24.06.2019,"5,8090"
21.06.2019,"5,8214"
20.06.2019,"5,7644"
19.06.2019,"5,7913"
18.06.2019,"5,8284"
17.06.2019,"5,8733"
14.06.2019,"5,9015"
13.06.2019,"5,8682"
12.06.2019,"5,8080"
11.06.2019,"5,7976"
10.06.2019,"5,7747"
07.06.2019,"5,8310"
06.06.2019,"5,7801"
05.06.2019,"5,7310"
04.06.2019,"5,7825"
03.06.2019,"5,8339"
31.05.2019,"5,8382"
30.05.2019,"5,8772"
29.05.2019,"6,0121"
28.05.2019,"6,0319"
27.05.2019,"6,0629"
24.05.2019,"6,0825"
23.05.2019,"6,0964"
22.05.2019,"6,1002"
21.05.2019,"6,0525"
20.05.2019,"6,0272"
17.05.2019,"6,0550"
16.05.2019,"6,0457"
15.05.2019,"6,0007"
14.05.2019,"6,0306"
13.05.2019,"6,0594"
10.05.2019,"5,9850"
09.05.2019,"6,1926"
08.05.2019,"6,1860"
07.05.2019,"6,1511"
06.05.2019,"6,0803"
03.05.2019,"5,9648"
02.05.2019,"5,9645"
01.05.2019,"5,9665"
30.04.2019,"5,9656"
29.04.2019,"5,9483"
26.04.2019,"5,9382"
25.04.2019,"5,9268"
24.04.2019,"5,8753"
23.04.2019,"5,8287"
22.04.2019,"5,8272"
19.04.2019,"5,8112"
18.04.2019,"5,8018"
17.04.2019,"5,7387"
16.04.2019,"5,7704"
15.04.2019,"5,8041"
12.04.2019,"5,7693"
11.04.2019,"5,7388"
10.04.2019,"5,6818"
09.04.2019,"5,6943"
08.04.2019,"5,6903"
05.04.2019,"5,6262"
04.04.2019,"5,5924"
03.04.2019,"5,6260"
02.04.2019,"5,6050"
01.04.2019,"5,4863"
29.03.2019,"5,5555"
28.03.2019,"5,5610"
27.03.2019,"5,3278"
26.03.2019,"5,3279"
25.03.2019,"5,5503"
22.03.2019,"5,7627"
21.03.2019,"5,4652"
20.03.2019,"5,4208"
19.03.2019,"5,4764"
18.03.2019,"5,4683"
15.03.2019,"5,4467"
14.03.2019,"5,4671"
13.03.2019,"5,4564"
12.03.2019,"5,4572"
11.03.2019,"5,4455"
08.03.2019,"5,4303"
07.03.2019,"5,4712"
06.03.2019,"5,4288"
05.03.2019,"5,3870"
04.03.2019,"5,3769"
01.03.2019,"5,3742"
28.02.2019,"5,3371"
27.02.2019,"5,3136"
26.02.2019,"5,3066"
25.02.2019,"5,3026"
22.02.2019,"5,3186"
21.02.2019,"5,3214"
20.02.2019,"5,3244"
19.02.2019,"5,2828"
18.02.2019,"5,3083"
15.02.2019,"5,2714"
14.02.2019,"5,2729"
13.02.2019,"5,2850"
12.02.2019,"5,2516"
11.02.2019,"5,2780"
08.02.2019,"5,2474"
07.02.2019,"5,2668"
06.02.2019,"5,2168"
05.02.2019,"5,1985"
04.02.2019,"5,2182"
01.02.2019,"5,2084"
31.01.2019,"5,1645"
30.01.2019,"5,2252"
29.01.2019,"5,3098"
28.01.2019,"5,3279"
25.01.2019,"5,2688"
24.01.2019,"5,2651"
23.01.2019,"5,2860"
22.01.2019,"5,3436"
21.01.2019,"5,3247"
18.01.2019,"5,3283"
17.01.2019,"5,3480"
16.01.2019,"5,3363"
15.01.2019,"5,4466"
14.01.2019,"5,4447"
11.01.2019,"5,4550"
10.01.2019,"5,4168"
09.01.2019,"5,4768"
08.01.2019,"5,4811"
07.01.2019,"5,3848"
04.01.2019,"5,3311"
03.01.2019,"5,4664"
02.01.2019,"5,4003"
01.01.2019,"5,2933"
31.12.2018,"5,2887"
28.12.2018,"5,2725"
27.12.2018,"5,2850"
26.12.2018,"5,2766"
25.12.2018,"5,3101"
24.12.2018,"5,2890"
21.12.2018,"5,3181"
20.12.2018,"5,2649"
19.12.2018,"5,2860"
18.12.2018,"5,3450"
17.12.2018,"5,3686"
14.12.2018,"5,3635"
13.12.2018,"5,3392"
12.12.2018,"5,3482"
11.12.2018,"5,3653"
10.12.2018,"5,3248"
07.12.2018,"5,3029"
06.12.2018,"5,3386"
05.12.2018,"5,3262"
04.12.2018,"5,3875"
03.12.2018,"5,2501"
30.11.2018,"5,2128"
29.11.2018,"5,1631"
28.11.2018,"5,2219"
27.11.2018,"5,2716"
26.11.2018,"5,2477"
23.11.2018,"5,2875"
22.11.2018,"5,2960"
21.11.2018,"5,3080"
20.11.2018,"5,3776"
19.11.2018,"5,3075"
16.11.2018,"5,3318"
15.11.2018,"5,3481"
14.11.2018,"5,4624"
13.11.2018,"5,4776"
12.11.2018,"5,4686"
09.11.2018,"5,4606"
08.11.2018,"5,4583"
07.11.2018,"5,3612"
06.11.2018,"5,3560"
05.11.2018,"5,3134"
02.11.2018,"5,4296"
01.11.2018,"5,5118"
31.10.2018,"5,5835"
30.10.2018,"5,4746"
29.10.2018,"5,5611"
26.10.2018,"5,5929"
25.10.2018,"5,6345"
24.10.2018,"5,7023"
23.10.2018,"5,7370"
22.10.2018,"5,6689"
19.10.2018,"5,6425"
18.10.2018,"5,6425"
17.10.2018,"5,5835"
16.10.2018,"5,6855"
15.10.2018,"5,7867"
12.10.2018,"5,8721"
11.10.2018,"5,9258"
10.10.2018,"6,0760"
09.10.2018,"6,1011"
08.10.2018,"6,1106"
05.10.2018,"6,1333"
04.10.2018,"6,1627"
03.10.2018,"6,0458"
02.10.2018,"5,9846"
01.10.2018,"5,9360"
28.09.2018,"6,0560"
27.09.2018,"6,0080"
26.09.2018,"6,1070"
25.09.2018,"6,1618"
24.09.2018,"6,1524"
21.09.2018,"6,2937"
20.09.2018,"6,1960"
19.09.2018,"6,2493"
18.09.2018,"6,3846"
17.09.2018,"6,3144"
14.09.2018,"6,1703"
13.09.2018,"6,0812"
12.09.2018,"6,3420"
11.09.2018,"6,4301"
10.09.2018,"6,4616"
07.09.2018,"6,3970"
06.09.2018,"6,5827"
05.09.2018,"6,6012"
04.09.2018,"6,6711"
03.09.2018,"6,6340"
31.08.2018,"6,5380"
30.08.2018,"6,6519"
29.08.2018,"6,4752"
28.08.2018,"6,2730"
27.08.2018,"6,1217"
24.08.2018,"6,0068"
23.08.2018,"6,1247"
22.08.2018,"6,0512"
21.08.2018,"6,0757"
20.08.2018,"6,0808"
17.08.2018,"6,0140"
16.08.2018,"5,8270"
15.08.2018,"5,9905"
14.08.2018,"6,3544"
13.08.2018,"6,8834"
10.08.2018,"6,4275"
09.08.2018,"5,5457"
08.08.2018,"5,2800"
07.08.2018,"5,2443"
06.08.2018,"5,3301"
03.08.2018,"5,0815"
02.08.2018,"5,0660"
01.08.2018,"4,9950"
31.07.2018,"4,9142"
30.07.2018,"4,8823"
27.07.2018,"4,8529"
26.07.2018,"4,8649"
25.07.2018,"4,7728"
24.07.2018,"4,8861"
23.07.2018,"4,7395"
20.07.2018,"4,7927"
19.07.2018,"4,8066"
18.07.2018,"4,7952"
17.07.2018,"4,8065"
16.07.2018,"4,8463"
13.07.2018,"4,8552"
12.07.2018,"4,8552"
11.07.2018,"4,8762"
10.07.2018,"4,7077"
09.07.2018,"4,7338"
06.07.2018,"4,5704"
05.07.2018,"4,5924"
04.07.2018,"4,6667"
03.07.2018,"4,6705"
02.07.2018,"4,6161"
29.06.2018,"4,5872"
28.06.2018,"4,5853"
27.06.2018,"4,6225"
26.06.2018,"4,6155"
25.06.2018,"4,6810"
22.06.2018,"4,6773"
21.06.2018,"4,7225"
20.06.2018,"4,7327"
19.06.2018,"4,7402"
18.06.2018,"4,7042"
15.06.2018,"4,7301"
14.06.2018,"4,7259"
13.06.2018,"4,6453"
12.06.2018,"4,5976"
11.06.2018,"4,5240"
08.06.2018,"4,4740"
07.06.2018,"4,4844"
06.06.2018,"4,5554"
05.06.2018,"4,5985"
04.06.2018,"4,5921"
01.06.2018,"4,6508"
31.05.2018,"4,5245"
30.05.2018,"4,4650"
29.05.2018,"4,5488"
28.05.2018,"4,5822"
25.05.2018,"4,7081"
24.05.2018,"4,7073"
23.05.2018,"4,5762"
22.05.2018,"4,6691"
21.05.2018,"4,5749"
18.05.2018,"4,4917"
17.05.2018,"4,4606"
16.05.2018,"4,4139"
15.05.2018,"4,4450"
14.05.2018,"4,3674"
11.05.2018,"4,3136"
10.05.2018,"4,2352"
09.05.2018,"4,2876"
08.05.2018,"4,3327"
07.05.2018,"4,2669"
04.05.2018,"4,2260"
03.05.2018,"4,2131"
02.05.2018,"4,1771"
01.05.2018,"4,1030"
30.04.2018,"4,0617"
27.04.2018,"4,0422"
26.04.2018,"4,0664"
25.04.2018,"4,0809"
24.04.2018,"4,0860"
23.04.2018,"4,1080"
20.04.2018,"4,0766"
19.04.2018,"4,0403"
18.04.2018,"4,0086"
17.04.2018,"4,0976"
16.04.2018,"4,0963"
13.04.2018,"4,0969"
12.04.2018,"4,1102"
11.04.2018,"4,1360"
10.04.2018,"4,1121"
09.04.2018,"4,0737"
06.04.2018,"4,0449"
05.04.2018,"4,0515"
04.04.2018,"3,9991"
03.04.2018,"3,9887"
02.04.2018,"3,9735"
30.03.2018,"3,9552"
29.03.2018,"3,9422"
28.03.2018,"4,0103"
27.03.2018,"3,9819"
26.03.2018,"3,9657"
23.03.2018,"3,9824"
22.03.2018,"3,9343"
21.03.2018,"3,9085"
20.03.2018,"3,9339"
19.03.2018,"3,9362"
16.03.2018,"3,9196"
15.03.2018,"3,8956"
14.03.2018,"3,8796"
13.03.2018,"3,8733"
12.03.2018,"3,8438"
09.03.2018,"3,8111"
08.03.2018,"3,8236"
07.03.2018,"3,8027"
06.03.2018,"3,7942"
05.03.2018,"3,8084"
02.03.2018,"3,8071"
01.03.2018,"3,8056"
28.02.2018,"3,7988"
27.02.2018,"3,8155"
26.02.2018,"3,7864"
23.02.2018,"3,7905"
22.02.2018,"3,7843"
21.02.2018,"3,7892"
20.02.2018,"3,7984"
19.02.2018,"3,7573"
16.02.2018,"3,7474"
15.02.2018,"3,7644"
14.02.2018,"3,7824"
13.02.2018,"3,8106"
12.02.2018,"3,7997"
09.02.2018,"3,8226"
08.02.2018,"3,8216"
07.02.2018,"3,8047"
06.02.2018,"3,7695"
05.02.2018,"3,7900"
02.02.2018,"3,7735"
01.02.2018,"3,7315"
31.01.2018,"3,7555"
30.01.2018,"3,7810"
29.01.2018,"3,7934"
26.01.2018,"3,7547"
25.01.2018,"3,7525"
24.01.2018,"3,7384"
23.01.2018,"3,7673"
22.01.2018,"3,7750"
19.01.2018,"3,8065"
18.01.2018,"3,7701"
17.01.2018,"3,8182"
16.01.2018,"3,7980"
15.01.2018,"3,8007"
12.01.2018,"3,7482"
11.01.2018,"3,7741"
10.01.2018,"3,7994"
09.01.2018,"3,7679"
08.01.2018,"3,7443"
05.01.2018,"3,7367"
04.01.2018,"3,7480"
03.01.2018,"3,7812"
02.01.2018,"3,7667"
01.01.2018,"3,7875"
29.12.2017,"3,7900"
28.12.2017,"3,7749"
27.12.2017,"3,8156"
26.12.2017,"3,8120"
25.12.2017,"3,8074"
22.12.2017,"3,8157"
21.12.2017,"3,8175"
20.12.2017,"3,8203"
19.12.2017,"3,8336"
18.12.2017,"3,8300"
15.12.2017,"3,8617"
14.12.2017,"3,8869"
13.12.2017,"3,8119"
12.12.2017,"3,8479"
11.12.2017,"3,8367"
08.12.2017,"3,8388"
07.12.2017,"3,8631"
06.12.2017,"3,8506"
05.12.2017,"3,8444"
04.12.2017,"3,8742"
01.12.2017,"3,9131"
30.11.2017,"3,9190"
29.11.2017,"3,9613"
28.11.2017,"3,9645"
27.11.2017,"3,9062"
24.11.2017,"3,9437"
23.11.2017,"3,9201"
22.11.2017,"3,9184"
21.11.2017,"3,9566"
20.11.2017,"3,9286"
17.11.2017,"3,8773"
16.11.2017,"3,8629"
15.11.2017,"3,8811"
14.11.2017,"3,8860"
13.11.2017,"3,8706"
10.11.2017,"3,8636"
09.11.2017,"3,8647"
08.11.2017,"3,8665"
07.11.2017,"3,8844"
06.11.2017,"3,8280"
03.11.2017,"3,8864"
02.11.2017,"3,7975"
01.11.2017,"3,8130"
31.10.2017,"3,7920"
30.10.2017,"3,7798"
27.10.2017,"3,7885"
26.10.2017,"3,8203"
25.10.2017,"3,7668"
24.10.2017,"3,7414"
23.10.2017,"3,7163"
20.10.2017,"3,6714"
19.10.2017,"3,6456"
18.10.2017,"3,6768"
17.10.2017,"3,6663"
16.10.2017,"3,6463"
13.10.2017,"3,6349"
12.10.2017,"3,6540"
11.10.2017,"3,6484"
10.10.2017,"3,7114"
09.10.2017,"3,7011"
06.10.2017,"3,6149"
05.10.2017,"3,5836"
04.10.2017,"3,5723"
03.10.2017,"3,5718"
02.10.2017,"3,5635"
29.09.2017,"3,5637"
28.09.2017,"3,5603"
27.09.2017,"3,5774"
26.09.2017,"3,5424"
25.09.2017,"3,5494"
22.09.2017,"3,4962"
21.09.2017,"3,5023"
20.09.2017,"3,5030"
19.09.2017,"3,4887"
18.09.2017,"3,4894"
15.09.2017,"3,4376"
14.09.2017,"3,4331"
13.09.2017,"3,4579"
12.09.2017,"3,4331"
11.09.2017,"3,4060"
08.09.2017,"3,4117"
07.09.2017,"3,4045"
06.09.2017,"3,4257"
05.09.2017,"3,4375"
04.09.2017,"3,4348"
01.09.2017,"3,4284"
31.08.2017,"3,4527"
30.08.2017,"3,4517"
29.08.2017,"3,4465"
28.08.2017,"3,4441"
25.08.2017,"3,4389"
24.08.2017,"3,4838"
23.08.2017,"3,4787"
22.08.2017,"3,4944"
21.08.2017,"3,4970"
18.08.2017,"3,5185"
17.08.2017,"3,5254"
16.08.2017,"3,5156"
15.08.2017,"3,5352"
14.08.2017,"3,5257"
11.08.2017,"3,5369"
10.08.2017,"3,5418"
09.08.2017,"3,5376"
08.08.2017,"3,5338"
07.08.2017,"3,5291"
04.08.2017,"3,5279"
03.08.2017,"3,5396"
02.08.2017,"3,5305"
01.08.2017,"3,5271"
31.07.2017,"3,5193"
28.07.2017,"3,5279"
27.07.2017,"3,5363"
26.07.2017,"3,5385"
25.07.2017,"3,5724"
24.07.2017,"3,5567"
21.07.2017,"3,5363"
20.07.2017,"3,5264"
19.07.2017,"3,5220"
18.07.2017,"3,5231"
17.07.2017,"3,5284"
14.07.2017,"3,5381"
13.07.2017,"3,5657"
12.07.2017,"3,5672"
11.07.2017,"3,6139"
10.07.2017,"3,6083"
07.07.2017,"3,6182"
06.07.2017,"3,6212"
05.07.2017,"3,6062"
04.07.2017,"3,5594"
03.07.2017,"3,5571"
30.06.2017,"3,5212"
29.06.2017,"3,5265"
28.06.2017,"3,5128"
27.06.2017,"3,5263"
26.06.2017,"3,5008"
23.06.2017,"3,5088"
22.06.2017,"3,5077"
21.06.2017,"3,5310"
20.06.2017,"3,5445"
19.06.2017,"3,5228"
16.06.2017,"3,5027"
15.06.2017,"3,5130"
14.06.2017,"3,4878"
13.06.2017,"3,5198"
12.06.2017,"3,5164"
09.06.2017,"3,5373"
08.06.2017,"3,5244"
07.06.2017,"3,5503"
06.06.2017,"3,5151"
05.06.2017,"3,5237"
02.06.2017,"3,5098"
01.06.2017,"3,5246"
31.05.2017,"3,5270"
30.05.2017,"3,5491"
29.05.2017,"3,5771"
26.05.2017,"3,5777"
25.05.2017,"3,5667"
24.05.2017,"3,5604"
23.05.2017,"3,5704"
22.05.2017,"3,5593"
19.05.2017,"3,5753"
18.05.2017,"3,6251"
17.05.2017,"3,5681"
16.05.2017,"3,5392"
15.05.2017,"3,5483"
12.05.2017,"3,5731"
11.05.2017,"3,5758"
10.05.2017,"3,5874"
09.05.2017,"3,6239"
08.05.2017,"3,5851"
05.05.2017,"3,5441"
04.05.2017,"3,5540"
03.05.2017,"3,5349"
02.05.2017,"3,5273"
01.05.2017,"3,5545"
28.04.2017,"3,5516"
27.04.2017,"3,5612"
26.04.2017,"3,5783"
25.04.2017,"3,5797"
24.04.2017,"3,5730"
21.04.2017,"3,6401"
20.04.2017,"3,6415"
19.04.2017,"3,6730"
18.04.2017,"3,6608"
17.04.2017,"3,7011"
14.04.2017,"3,7327"
13.04.2017,"3,6633"
12.04.2017,"3,6492"
11.04.2017,"3,6972"
10.04.2017,"3,7294"
07.04.2017,"3,7299"
06.04.2017,"3,7111"
05.04.2017,"3,6991"
04.04.2017,"3,6790"
03.04.2017,"3,6449"
31.03.2017,"3,6352"
30.03.2017,"3,6520"
29.03.2017,"3,6459"
28.03.2017,"3,6582"
27.03.2017,"3,6166"
24.03.2017,"3,6108"
23.03.2017,"3,6348"
22.03.2017,"3,6184"
21.03.2017,"3,6329"
20.03.2017,"3,6160"
17.03.2017,"3,6344"
16.03.2017,"3,6256"
15.03.2017,"3,6754"
14.03.2017,"3,7426"
13.03.2017,"3,7418"
10.03.2017,"3,7299"
09.03.2017,"3,7747"
08.03.2017,"3,7467"
07.03.2017,"3,6807"
06.03.2017,"3,7132"
03.03.2017,"3,7030"
02.03.2017,"3,7280"
01.03.2017,"3,6543"
28.02.2017,"3,6472"
27.02.2017,"3,6072"
24.02.2017,"3,6070"
23.02.2017,"3,5691"
22.02.2017,"3,5802"
21.02.2017,"3,6203"
20.02.2017,"3,6245"
17.02.2017,"3,6290"
16.02.2017,"3,6666"
15.02.2017,"3,6601"
14.02.2017,"3,6503"
13.02.2017,"3,6717"
10.02.2017,"3,6953"
09.02.2017,"3,6831"
08.02.2017,"3,7178"
07.02.2017,"3,7451"
06.02.2017,"3,6839"
03.02.2017,"3,6976"
02.02.2017,"3,7371"
01.02.2017,"3,7705"
31.01.2017,"3,7734"
30.01.2017,"3,7818"
27.01.2017,"3,8775"
26.01.2017,"3,8440"
25.01.2017,"3,8313"
24.01.2017,"3,7833"
23.01.2017,"3,7573"
20.01.2017,"3,7655"
19.01.2017,"3,8273"
18.01.2017,"3,7966"
17.01.2017,"3,7610"
16.01.2017,"3,8042"
13.01.2017,"3,7230"
12.01.2017,"3,7597"
11.01.2017,"3,8647"
10.01.2017,"3,7885"
09.01.2017,"3,7129"
06.01.2017,"3,6445"
05.01.2017,"3,5927"
04.01.2017,"3,5713"
03.01.2017,"3,5944"
02.01.2017,"3,5445"
30.12.2016,"3,5277"
29.12.2016,"3,5230"
28.12.2016,"3,5400"
27.12.2016,"3,5214"
26.12.2016,"3,5118"
23.12.2016,"3,5169"
22.12.2016,"3,5114"
21.12.2016,"3,5089"
20.12.2016,"3,5275"
19.12.2016,"3,5331"
16.12.2016,"3,5068"
15.12.2016,"3,5119"
14.12.2016,"3,5323"
13.12.2016,"3,4898"
12.12.2016,"3,4688"
09.12.2016,"3,4869"
08.12.2016,"3,4433"
07.12.2016,"3,3902"
06.12.2016,"3,4456"
05.12.2016,"3,5231"
02.12.2016,"3,5190"
01.12.2016,"3,5037"
30.11.2016,"3,4370"
29.11.2016,"3,4088"
28.11.2016,"3,4148"
25.11.2016,"3,4467"
24.11.2016,"3,4455"
23.11.2016,"3,3941"
22.11.2016,"3,3844"
21.11.2016,"3,3616"
18.11.2016,"3,3753"
17.11.2016,"3,3706"
16.11.2016,"3,3234"
15.11.2016,"3,2906"
14.11.2016,"3,2900"
11.11.2016,"3,2522"
10.11.2016,"3,2509"
09.11.2016,"3,2099"
08.11.2016,"3,1550"
07.11.2016,"3,1681"
04.11.2016,"3,1569"
03.11.2016,"3,1101"
02.11.2016,"3,1138"
01.11.2016,"3,1116"
31.10.2016,"3,0939"
28.10.2016,"3,1069"
27.10.2016,"3,1138"
26.10.2016,"3,0813"
25.10.2016,"3,0711"
24.10.2016,"3,0760"
21.10.2016,"3,0814"
20.10.2016,"3,0601"
19.10.2016,"3,0616"
18.10.2016,"3,0953"
17.10.2016,"3,0960"
14.10.2016,"3,0905"
13.10.2016,"3,0858"
12.10.2016,"3,0853"
11.10.2016,"3,0840"
10.10.2016,"3,0718"
07.10.2016,"3,0510"
06.10.2016,"3,0397"
05.10.2016,"3,0516"
04.10.2016,"3,0578"
03.10.2016,"3,0188"
30.09.2016,"2,9992"
29.09.2016,"2,9997"
28.09.2016,"2,9798"
27.09.2016,"2,9746"
26.09.2016,"2,9810"
23.09.2016,"2,9672"
22.09.2016,"2,9440"
21.09.2016,"2,9551"
20.09.2016,"2,9782"
19.09.2016,"2,9771"
16.09.2016,"2,9809"
15.09.2016,"2,9687"
14.09.2016,"2,9794"
13.09.2016,"2,9846"
12.09.2016,"2,9675"
09.09.2016,"2,9630"
08.09.2016,"2,9512"
07.09.2016,"2,9364"
06.09.2016,"2,9224"
05.09.2016,"2,9457"
02.09.2016,"2,9509"
01.09.2016,"2,9612"
31.08.2016,"2,9580"
30.08.2016,"2,9631"
29.08.2016,"2,9507"
26.08.2016,"2,9538"
25.08.2016,"2,9344"
24.08.2016,"2,9517"
23.08.2016,"2,9510"
22.08.2016,"2,9419"
19.08.2016,"2,9293"
18.08.2016,"2,9273"
17.08.2016,"2,9222"
16.08.2016,"2,9295"
15.08.2016,"2,9407"
12.08.2016,"2,9594"
11.08.2016,"2,9573"
10.08.2016,"2,9576"
09.08.2016,"2,9682"
08.08.2016,"2,9845"
05.08.2016,"2,9987"
04.08.2016,"3,0111"
03.08.2016,"3,0139"
02.08.2016,"2,9915"
01.08.2016,"2,9904"
29.07.2016,"2,9883"
28.07.2016,"3,0126"
27.07.2016,"3,0187"
26.07.2016,"3,0453"
25.07.2016,"3,0369"
22.07.2016,"3,0650"
21.07.2016,"3,0706"
20.07.2016,"3,0899"
19.07.2016,"3,0450"
18.07.2016,"2,9777"
15.07.2016,"3,0198"
14.07.2016,"2,8782"
13.07.2016,"2,8998"
12.07.2016,"2,8870"
11.07.2016,"2,9045"
08.07.2016,"2,8913"
07.07.2016,"2,9367"
06.07.2016,"2,9371"
05.07.2016,"2,9293"
04.07.2016,"2,9066"
01.07.2016,"2,9019"
30.06.2016,"2,8777"
29.06.2016,"2,8892"
28.06.2016,"2,9043"
27.06.2016,"2,9410"
24.06.2016,"2,9292"
23.06.2016,"2,8548"
22.06.2016,"2,8936"
21.06.2016,"2,9097"
20.06.2016,"2,9062"
17.06.2016,"2,9271"
16.06.2016,"2,9310"
15.06.2016,"2,9250"
14.06.2016,"2,9350"
13.06.2016,"2,9196"
10.06.2016,"2,9291"
09.06.2016,"2,8919"
08.06.2016,"2,8931"
07.06.2016,"2,8971"
06.06.2016,"2,9039"
03.06.2016,"2,9028"
02.06.2016,"2,9488"
01.06.2016,"2,9419"
31.05.2016,"2,9494"
30.05.2016,"2,9560"
27.05.2016,"2,9575"
26.05.2016,"2,9345"
25.05.2016,"2,9368"
24.05.2016,"2,9445"
23.05.2016,"2,9952"
20.05.2016,"2,9762"
19.05.2016,"2,9870"
18.05.2016,"2,9902"
17.05.2016,"2,9637"
16.05.2016,"2,9767"
13.05.2016,"2,9702"
12.05.2016,"2,9623"
11.05.2016,"2,9527"
10.05.2016,"2,9516"
09.05.2016,"2,9449"
06.05.2016,"2,9273"
05.05.2016,"2,9242"
04.05.2016,"2,9625"
03.05.2016,"2,8491"
02.05.2016,"2,8049"
29.04.2016,"2,7955"
28.04.2016,"2,8129"
27.04.2016,"2,8189"
26.04.2016,"2,8208"
25.04.2016,"2,8440"
22.04.2016,"2,8489"
21.04.2016,"2,8331"
20.04.2016,"2,8140"
19.04.2016,"2,8312"
18.04.2016,"2,8398"
15.04.2016,"2,8545"
14.04.2016,"2,8499"
13.04.2016,"2,8467"
12.04.2016,"2,8354"
11.04.2016,"2,8331"
08.04.2016,"2,8491"
07.04.2016,"2,8618"
06.04.2016,"2,8406"
05.04.2016,"2,8324"
04.04.2016,"2,8128"
01.04.2016,"2,8221"
31.03.2016,"2,8170"
30.03.2016,"2,8359"
29.03.2016,"2,8377"
28.03.2016,"2,8688"
25.03.2016,"2,8763"
24.03.2016,"2,8724"
23.03.2016,"2,8775"
22.03.2016,"2,8667"
21.03.2016,"2,8585"
18.03.2016,"2,8676"
17.03.2016,"2,8417"
16.03.2016,"2,8684"
15.03.2016,"2,8986"
14.03.2016,"2,8704"
11.03.2016,"2,8670"
10.03.2016,"2,8915"
09.03.2016,"2,8907"
08.03.2016,"2,9144"
07.03.2016,"2,9160"
04.03.2016,"2,9082"
03.03.2016,"2,9088"
02.03.2016,"2,9253"
01.03.2016,"2,9361"
29.02.2016,"2,9654"
26.02.2016,"2,9925"
25.02.2016,"2,9280"
24.02.2016,"2,9363"
23.02.2016,"2,9437"
22.02.2016,"2,9367"
19.02.2016,"2,9516"
18.02.2016,"2,9705"
17.02.2016,"2,9561"
16.02.2016,"2,9774"
15.02.2016,"2,9461"
12.02.2016,"2,9295"
11.02.2016,"2,9310"
10.02.2016,"2,9218"
09.02.2016,"2,9407"
08.02.2016,"2,9473"
05.02.2016,"2,9233"
04.02.2016,"2,9118"
03.02.2016,"2,9164"
02.02.2016,"2,9519"
01.02.2016,"2,9456"
29.01.2016,"2,9553"
28.01.2016,"2,9693"
27.01.2016,"3,0014"
26.01.2016,"3,0088"
25.01.2016,"3,0214"
22.01.2016,"3,0038"
21.01.2016,"3,0126"
20.01.2016,"3,0422"
19.01.2016,"3,0401"
18.01.2016,"3,0365"
15.01.2016,"3,0484"
14.01.2016,"3,0235"
13.01.2016,"3,0285"
12.01.2016,"3,0332"
11.01.2016,"3,0377"
08.01.2016,"3,0214"
07.01.2016,"2,9993"
06.01.2016,"3,0024"
05.01.2016,"2,9852"
04.01.2016,"2,9642"
01.01.2016,"2,9139"
31.12.2015,"2,9177"
30.12.2015,"2,9185"
29.12.2015,"2,9063"
28.12.2015,"2,9062"
25.12.2015,"2,9230"
24.12.2015,"2,9185"
23.12.2015,"2,9169"
22.12.2015,"2,9307"
21.12.2015,"2,9145"
18.12.2015,"2,9088"
17.12.2015,"2,9292"
16.12.2015,"2,9352"
15.12.2015,"2,9640"
14.12.2015,"2,9796"
11.12.2015,"2,9817"
10.12.2015,"2,9235"
09.12.2015,"2,9165"
08.12.2015,"2,9100"
07.12.2015,"2,9135"
04.12.2015,"2,8950"
03.12.2015,"2,8846"
02.12.2015,"2,8893"
01.12.2015,"2,8907"
30.11.2015,"2,9131"
27.11.2015,"2,9245"
26.11.2015,"2,9211"
25.11.2015,"2,8884"
24.11.2015,"2,8773"
23.11.2015,"2,8507"
20.11.2015,"2,8317"
19.11.2015,"2,8427"
18.11.2015,"2,8619"
17.11.2015,"2,8691"
16.11.2015,"2,8834"
13.11.2015,"2,8637"
12.11.2015,"2,8651"
11.11.2015,"2,8748"
10.11.2015,"2,9158"
09.11.2015,"2,9207"
06.11.2015,"2,9153"
05.11.2015,"2,8607"
04.11.2015,"2,8631"
03.11.2015,"2,8290"
02.11.2015,"2,8239"
30.10.2015,"2,9151"
29.10.2015,"2,9375"
28.10.2015,"2,9247"
27.10.2015,"2,9041"
26.10.2015,"2,8900"
23.10.2015,"2,9078"
22.10.2015,"2,8726"
21.10.2015,"2,8954"
20.10.2015,"2,9003"
19.10.2015,"2,9054"
16.10.2015,"2,8917"
15.10.2015,"2,8803"
14.10.2015,"2,9137"
13.10.2015,"2,9586"
12.10.2015,"2,9264"
09.10.2015,"2,9118"
08.10.2015,"2,8935"
07.10.2015,"2,9402"
06.10.2015,"2,9583"
05.10.2015,"2,9837"
02.10.2015,"2,9906"
01.10.2015,"3,0267"
30.09.2015,"3,0257"
29.09.2015,"3,0368"
28.09.2015,"3,0579"
25.09.2015,"3,0467"
24.09.2015,"3,0403"
23.09.2015,"3,0385"
22.09.2015,"3,0260"
21.09.2015,"3,0062"
18.09.2015,"3,0050"
17.09.2015,"3,0124"
16.09.2015,"2,9984"
15.09.2015,"3,0300"
14.09.2015,"3,0578"
11.09.2015,"3,0465"
10.09.2015,"3,0228"
09.09.2015,"3,0360"
08.09.2015,"3,0111"
07.09.2015,"3,0301"
04.09.2015,"3,0074"
03.09.2015,"2,9707"
02.09.2015,"2,9414"
01.09.2015,"2,9302"
31.08.2015,"2,9148"
28.08.2015,"2,9238"
27.08.2015,"2,9099"
26.08.2015,"2,9318"
25.08.2015,"2,9402"
24.08.2015,"2,9421"
21.08.2015,"2,9187"
20.08.2015,"2,9160"
19.08.2015,"2,9255"
18.08.2015,"2,8946"
17.08.2015,"2,8683"
14.08.2015,"2,8340"
13.08.2015,"2,8200"
12.08.2015,"2,7776"
11.08.2015,"2,7797"
10.08.2015,"2,7794"
07.08.2015,"2,7802"
06.08.2015,"2,7757"
05.08.2015,"2,7868"
04.08.2015,"2,7826"
03.08.2015,"2,7812"
31.07.2015,"2,7710"
30.07.2015,"2,7826"
29.07.2015,"2,7650"
28.07.2015,"2,7600"
27.07.2015,"2,7713"
24.07.2015,"2,7377"
23.07.2015,"2,7344"
22.07.2015,"2,7067"
21.07.2015,"2,6844"
20.07.2015,"2,6983"
17.07.2015,"2,6526"
16.07.2015,"2,6565"
15.07.2015,"2,6464"
14.07.2015,"2,6317"
13.07.2015,"2,6456"
10.07.2015,"2,6667"
09.07.2015,"2,6788"
08.07.2015,"2,6882"
07.07.2015,"2,6854"
06.07.2015,"2,6781"
03.07.2015,"2,6885"
02.07.2015,"2,6843"
01.07.2015,"2,6917"
30.06.2015,"2,6816"
29.06.2015,"2,7028"
26.06.2015,"2,6649"
25.06.2015,"2,6550"
24.06.2015,"2,6776"
23.06.2015,"2,6789"
22.06.2015,"2,6656"
19.06.2015,"2,6951"
18.06.2015,"2,7123"
17.06.2015,"2,7061"
16.06.2015,"2,7345"
15.06.2015,"2,7358"
12.06.2015,"2,7128"
11.06.2015,"2,7022"
10.06.2015,"2,7345"
09.06.2015,"2,7521"
08.06.2015,"2,7515"
05.06.2015,"2,6621"
04.06.2015,"2,6677"
03.06.2015,"2,6856"
02.06.2015,"2,6743"
01.06.2015,"2,6829"
29.05.2015,"2,6630"
28.05.2015,"2,6543"
27.05.2015,"2,6421"
26.05.2015,"2,6417"
25.05.2015,"2,6155"
22.05.2015,"2,5991"
21.05.2015,"2,5889"
20.05.2015,"2,5776"
19.05.2015,"2,5935"
18.05.2015,"2,5806"
15.05.2015,"2,5759"
14.05.2015,"2,5909"
13.05.2015,"2,6307"
12.05.2015,"2,6635"
11.05.2015,"2,6938"
08.05.2015,"2,6953"
07.05.2015,"2,6852"
06.05.2015,"2,6928"
05.05.2015,"2,7045"
04.05.2015,"2,7130"
01.05.2015,"2,7079"
30.04.2015,"2,6723"
29.04.2015,"2,6605"
28.04.2015,"2,6584"
27.04.2015,"2,6744"
24.04.2015,"2,7144"
23.04.2015,"2,7015"
22.04.2015,"2,7123"
21.04.2015,"2,6858"
20.04.2015,"2,6993"
17.04.2015,"2,6782"
16.04.2015,"2,6786"
15.04.2015,"2,6989"
14.04.2015,"2,6883"
13.04.2015,"2,6705"
10.04.2015,"2,6287"
09.04.2015,"2,6199"
08.04.2015,"2,5995"
07.04.2015,"2,6023"
06.04.2015,"2,5710"
03.04.2015,"2,5719"
02.04.2015,"2,5855"
01.04.2015,"2,5990"
31.03.2015,"2,5978"
30.03.2015,"2,6078"
27.03.2015,"2,6102"
26.03.2015,"2,5957"
25.03.2015,"2,5870"
24.03.2015,"2,5519"
23.03.2015,"2,5423"
20.03.2015,"2,5730"
19.03.2015,"2,6070"
18.03.2015,"2,5702"
17.03.2015,"2,6117"
16.03.2015,"2,6261"
13.03.2015,"2,6397"
12.03.2015,"2,5840"
11.03.2015,"2,6105"
10.03.2015,"2,6385"
09.03.2015,"2,6016"
06.03.2015,"2,6243"
05.03.2015,"2,6069"
04.03.2015,"2,5640"
03.03.2015,"2,5357"
02.03.2015,"2,5169"
27.02.2015,"2,5088"
26.02.2015,"2,5040"
25.02.2015,"2,4886"
24.02.2015,"2,4637"
23.02.2015,"2,4753"
20.02.2015,"2,4526"
19.02.2015,"2,4570"
18.02.2015,"2,4418"
17.02.2015,"2,4520"
16.02.2015,"2,4566"
13.02.2015,"2,4581"
12.02.2015,"2,4666"
11.02.2015,"2,5004"
10.02.2015,"2,4964"
09.02.2015,"2,4766"
06.02.2015,"2,4740"
05.02.2015,"2,4375"
04.02.2015,"2,4665"
03.02.2015,"2,4014"
02.02.2015,"2,4306"
30.01.2015,"2,4464"
29.01.2015,"2,4161"
28.01.2015,"2,3859"
27.01.2015,"2,3642"
26.01.2015,"2,3541"
23.01.2015,"2,3483"
22.01.2015,"2,3242"
21.01.2015,"2,3503"
20.01.2015,"2,3463"
19.01.2015,"2,3380"
16.01.2015,"2,3229"
15.01.2015,"2,3103"
14.01.2015,"2,2811"
13.01.2015,"2,2858"
12.01.2015,"2,2853"
09.01.2015,"2,2950"
08.01.2015,"2,2992"
07.01.2015,"2,3189"
06.01.2015,"2,3228"
05.01.2015,"2,3318"
02.01.2015,"2,3442"
01.01.2015,"2,3309"
31.12.2014,"2,3345"
30.12.2014,"2,3289"
29.12.2014,"2,3176"
26.12.2014,"2,3175"
25.12.2014,"2,3210"
24.12.2014,"2,3173"
23.12.2014,"2,3226"
22.12.2014,"2,3148"
19.12.2014,"2,3121"
18.12.2014,"2,3230"
17.12.2014,"2,3381"
16.12.2014,"2,3650"
15.12.2014,"2,3760"
12.12.2014,"2,2990"
11.12.2014,"2,2784"
10.12.2014,"2,2663"
09.12.2014,"2,2674"
08.12.2014,"2,2686"
05.12.2014,"2,2610"
04.12.2014,"2,2342"
03.12.2014,"2,2420"
02.12.2014,"2,2312"
01.12.2014,"2,2149"
28.11.2014,"2,2196"
27.11.2014,"2,2072"
26.11.2014,"2,2106"
25.11.2014,"2,2197"
24.11.2014,"2,2300"
21.11.2014,"2,2218"
20.11.2014,"2,2196"
19.11.2014,"2,2320"
18.11.2014,"2,2214"
17.11.2014,"2,2312"
14.11.2014,"2,2296"
13.11.2014,"2,2422"
12.11.2014,"2,2514"
11.11.2014,"2,2568"
10.11.2014,"2,2594"
07.11.2014,"2,2580"
06.11.2014,"2,2636"
05.11.2014,"2,2443"
04.11.2014,"2,2235"
03.11.2014,"2,2355"
31.10.2014,"2,2240"
30.10.2014,"2,1988"
29.10.2014,"2,2153"
28.10.2014,"2,2066"
27.10.2014,"2,2294"
24.10.2014,"2,2313"
23.10.2014,"2,2360"
22.10.2014,"2,2463"
21.10.2014,"2,2451"
20.10.2014,"2,2437"
17.10.2014,"2,2460"
16.10.2014,"2,2629"
15.10.2014,"2,2693"
14.10.2014,"2,2730"
13.10.2014,"2,2698"
10.10.2014,"2,2884"
09.10.2014,"2,2695"
08.10.2014,"2,2630"
07.10.2014,"2,2753"
06.10.2014,"2,2678"
03.10.2014,"2,2942"
02.10.2014,"2,2665"
01.10.2014,"2,2833"
30.09.2014,"2,2782"
29.09.2014,"2,2786"
26.09.2014,"2,2623"
25.09.2014,"2,2610"
24.09.2014,"2,2366"
23.09.2014,"2,2393"
22.09.2014,"2,2407"
19.09.2014,"2,2347"
18.09.2014,"2,2260"
17.09.2014,"2,2243"
16.09.2014,"2,2033"
15.09.2014,"2,2121"
12.09.2014,"2,2230"
11.09.2014,"2,2007"
10.09.2014,"2,1929"
09.09.2014,"2,1963"
08.09.2014,"2,1735"
05.09.2014,"2,1590"
04.09.2014,"2,1632"
03.09.2014,"2,1577"
02.09.2014,"2,1726"
01.09.2014,"2,1607"
29.08.2014,"2,1639"
28.08.2014,"2,1583"
27.08.2014,"2,1539"
26.08.2014,"2,1655"
25.08.2014,"2,1790"
22.08.2014,"2,1755"
21.08.2014,"2,1779"
20.08.2014,"2,1860"
19.08.2014,"2,1622"
18.08.2014,"2,1638"
15.08.2014,"2,1671"
14.08.2014,"2,1518"
13.08.2014,"2,1569"
12.08.2014,"2,1642"
11.08.2014,"2,1505"
08.08.2014,"2,1450"
07.08.2014,"2,1671"
06.08.2014,"2,1592"
05.08.2014,"2,1525"
04.08.2014,"2,1313"
01.08.2014,"2,1334"
31.07.2014,"2,1418"
30.07.2014,"2,1328"
29.07.2014,"2,1161"
28.07.2014,"2,0993"
25.07.2014,"2,0939"
24.07.2014,"2,0918"
23.07.2014,"2,0886"
22.07.2014,"2,1065"
21.07.2014,"2,1183"
18.07.2014,"2,1247"
17.07.2014,"2,1410"
16.07.2014,"2,1193"
15.07.2014,"2,1241"
14.07.2014,"2,1162"
11.07.2014,"2,1175"
10.07.2014,"2,1244"
09.07.2014,"2,1154"
08.07.2014,"2,1251"
07.07.2014,"2,1293"
04.07.2014,"2,1329"
03.07.2014,"2,1278"
02.07.2014,"2,1302"
01.07.2014,"2,1285"
30.06.2014,"2,1191"
27.06.2014,"2,1228"
26.06.2014,"2,1258"
25.06.2014,"2,1325"
24.06.2014,"2,1418"
23.06.2014,"2,1373"
20.06.2014,"2,1405"
19.06.2014,"2,1426"
18.06.2014,"2,1254"
17.06.2014,"2,1495"
16.06.2014,"2,1424"
13.06.2014,"2,1233"
12.06.2014,"2,1117"
11.06.2014,"2,1167"
10.06.2014,"2,0798"
09.06.2014,"2,0863"
06.06.2014,"2,0781"
05.06.2014,"2,0963"
04.06.2014,"2,1156"
03.06.2014,"2,1173"
02.06.2014,"2,1083"
30.05.2014,"2,0971"
29.05.2014,"2,0865"
28.05.2014,"2,0998"
27.05.2014,"2,1018"
26.05.2014,"2,0829"
23.05.2014,"2,0818"
22.05.2014,"2,0813"
21.05.2014,"2,0940"
20.05.2014,"2,1134"
19.05.2014,"2,0965"
16.05.2014,"2,0998"
15.05.2014,"2,0983"
14.05.2014,"2,0707"
13.05.2014,"2,0684"
12.05.2014,"2,0809"
09.05.2014,"2,0773"
08.05.2014,"2,0738"
07.05.2014,"2,0819"
06.05.2014,"2,0900"
05.05.2014,"2,1003"
02.05.2014,"2,1038"
01.05.2014,"2,1054"
30.04.2014,"2,1125"
29.04.2014,"2,1212"
28.04.2014,"2,1256"
25.04.2014,"2,1340"
24.04.2014,"2,1356"
23.04.2014,"2,1504"
22.04.2014,"2,1415"
21.04.2014,"2,1341"
18.04.2014,"2,1296"
17.04.2014,"2,1265"
16.04.2014,"2,1360"
15.04.2014,"2,1428"
14.04.2014,"2,1208"
11.04.2014,"2,1129"
10.04.2014,"2,1093"
09.04.2014,"2,1038"
08.04.2014,"2,0962"
07.04.2014,"2,1103"
04.04.2014,"2,1135"
03.04.2014,"2,1327"
02.04.2014,"2,1276"
01.04.2014,"2,1378"
31.03.2014,"2,1407"
28.03.2014,"2,1909"
27.03.2014,"2,1872"
26.03.2014,"2,1921"
25.03.2014,"2,2165"
24.03.2014,"2,2372"
21.03.2014,"2,2335"
20.03.2014,"2,2294"
19.03.2014,"2,2401"
18.03.2014,"2,2188"
17.03.2014,"2,2198"
14.03.2014,"2,2130"
13.03.2014,"2,2327"
12.03.2014,"2,2323"
11.03.2014,"2,2466"
10.03.2014,"2,2186"
07.03.2014,"2,2055"
06.03.2014,"2,1803"
05.03.2014,"2,2031"
04.03.2014,"2,2065"
03.03.2014,"2,2321"
28.02.2014,"2,2093"
27.02.2014,"2,2138"
26.02.2014,"2,2279"
25.02.2014,"2,2122"
24.02.2014,"2,2021"
21.02.2014,"2,1787"
20.02.2014,"2,2013"
19.02.2014,"2,2145"
18.02.2014,"2,1804"
17.02.2014,"2,1767"
14.02.2014,"2,1810"
13.02.2014,"2,1856"
12.02.2014,"2,1926"
11.02.2014,"2,1932"
10.02.2014,"2,2176"
07.02.2014,"2,2199"
06.02.2014,"2,2096"
05.02.2014,"2,2386"
04.02.2014,"2,2380"
03.02.2014,"2,2824"
31.01.2014,"2,2607"
30.01.2014,"2,2693"
29.01.2014,"2,2607"
28.01.2014,"2,2520"
27.01.2014,"2,2830"
24.01.2014,"2,3315"
23.01.2014,"2,2928"
22.01.2014,"2,2582"
21.01.2014,"2,2517"
20.01.2014,"2,2403"
17.01.2014,"2,2317"
16.01.2014,"2,2069"
15.01.2014,"2,1913"
14.01.2014,"2,1838"
13.01.2014,"2,1795"
10.01.2014,"2,1650"
09.01.2014,"2,1780"
08.01.2014,"2,1856"
07.01.2014,"2,1678"
06.01.2014,"2,1715"
03.01.2014,"2,1785"
02.01.2014,"2,1713"
01.01.2014,"2,1483"
31.12.2013,"2,1458"
30.12.2013,"2,1231"
27.12.2013,"2,1513"
26.12.2013,"2,1271"
25.12.2013,"2,0956"
24.12.2013,"2,0775"
23.12.2013,"2,0977"
20.12.2013,"2,0918"
19.12.2013,"2,0728"
18.12.2013,"2,0578"
17.12.2013,"2,0360"
16.12.2013,"2,0274"
13.12.2013,"2,0404"
12.12.2013,"2,0433"
11.12.2013,"2,0429"
10.12.2013,"2,0278"
09.12.2013,"2,0324"
06.12.2013,"2,0252"
05.12.2013,"2,0368"
04.12.2013,"2,0486"
03.12.2013,"2,0434"
02.12.2013,"2,0389"
29.11.2013,"2,0198"
28.11.2013,"2,0147"
27.11.2013,"2,0254"
26.11.2013,"2,0136"
25.11.2013,"2,0078"
22.11.2013,"2,0057"
21.11.2013,"2,0168"
20.11.2013,"2,0154"
19.11.2013,"2,0112"
18.11.2013,"2,0219"
15.11.2013,"2,0293"
14.11.2013,"2,0333"
13.11.2013,"2,0442"
12.11.2013,"2,0545"
11.11.2013,"2,0433"
08.11.2013,"2,0390"
07.11.2013,"2,0352"
06.11.2013,"2,0356"
05.11.2013,"2,0298"
04.11.2013,"2,0162"
01.11.2013,"2,0170"
31.10.2013,"1,9960"
30.10.2013,"1,9947"
29.10.2013,"1,9914"
28.10.2013,"1,9841"
25.10.2013,"1,9835"
24.10.2013,"1,9796"
23.10.2013,"1,9758"
22.10.2013,"1,9685"
21.10.2013,"1,9812"
18.10.2013,"1,9686"
17.10.2013,"1,9659"
16.10.2013,"1,9728"
15.10.2013,"1,9882"
14.10.2013,"1,9818"
11.10.2013,"1,9823"
10.10.2013,"1,9745"
09.10.2013,"1,9820"
08.10.2013,"1,9889"
07.10.2013,"1,9937"
04.10.2013,"1,9871"
03.10.2013,"2,0029"
02.10.2013,"1,9939"
01.10.2013,"2,0094"
30.09.2013,"2,0186"
27.09.2013,"2,0309"
26.09.2013,"2,0228"
25.09.2013,"2,0160"
24.09.2013,"1,9989"
23.09.2013,"1,9853"
20.09.2013,"1,9799"
19.09.2013,"1,9605"
18.09.2013,"1,9501"
17.09.2013,"2,0018"
16.09.2013,"2,0045"
13.09.2013,"2,0280"
12.09.2013,"2,0306"
11.09.2013,"2,0117"
10.09.2013,"2,0141"
09.09.2013,"2,0266"
06.09.2013,"2,0465"
05.09.2013,"2,0691"
04.09.2013,"2,0505"
03.09.2013,"2,0584"
02.09.2013,"2,0213"
30.08.2013,"2,0403"
29.08.2013,"2,0358"
28.08.2013,"2,0374"
27.08.2013,"2,0363"
26.08.2013,"1,9980"
23.08.2013,"1,9878"
22.08.2013,"1,9936"
21.08.2013,"1,9785"
20.08.2013,"1,9496"
19.08.2013,"1,9544"
16.08.2013,"1,9446"
15.08.2013,"1,9345"
14.08.2013,"1,9344"
13.08.2013,"1,9340"
12.08.2013,"1,9251"
09.08.2013,"1,9204"
08.08.2013,"1,9225"
07.08.2013,"1,9322"
06.08.2013,"1,9252"
05.08.2013,"1,9303"
02.08.2013,"1,9255"
01.08.2013,"1,9470"
31.07.2013,"1,9353"
30.07.2013,"1,9229"
29.07.2013,"1,9263"
26.07.2013,"1,9260"
25.07.2013,"1,9206"
24.07.2013,"1,9213"
23.07.2013,"1,9004"
22.07.2013,"1,9120"
19.07.2013,"1,9181"
18.07.2013,"1,9214"
17.07.2013,"1,9108"
16.07.2013,"1,9210"
15.07.2013,"1,9335"
12.07.2013,"1,9525"
11.07.2013,"1,9511"
10.07.2013,"1,9497"
09.07.2013,"1,9415"
08.07.2013,"1,9473"
05.07.2013,"1,9683"
04.07.2013,"1,9430"
03.07.2013,"1,9470"
02.07.2013,"1,9331"
01.07.2013,"1,9240"
28.06.2013,"1,9288"
27.06.2013,"1,9199"
26.06.2013,"1,9354"
25.06.2013,"1,9311"
24.06.2013,"1,9438"
21.06.2013,"1,9388"
20.06.2013,"1,9369"
19.06.2013,"1,9020"
18.06.2013,"1,8865"
17.06.2013,"1,8741"
14.06.2013,"1,8590"
13.06.2013,"1,8616"
12.06.2013,"1,8752"
11.06.2013,"1,8918"
10.06.2013,"1,9018"
07.06.2013,"1,8730"
06.06.2013,"1,8932"
05.06.2013,"1,8923"
04.06.2013,"1,8769"
03.06.2013,"1,8828"
31.05.2013,"1,8756"
30.05.2013,"1,8735"
29.05.2013,"1,8605"
28.05.2013,"1,8580"
27.05.2013,"1,8458"
24.05.2013,"1,8466"
23.05.2013,"1,8464"
22.05.2013,"1,8491"
21.05.2013,"1,8431"
20.05.2013,"1,8408"
17.05.2013,"1,8421"
16.05.2013,"1,8241"
15.05.2013,"1,8226"
14.05.2013,"1,8155"
13.05.2013,"1,8120"
10.05.2013,"1,8013"
09.05.2013,"1,7987"
08.05.2013,"1,7900"
07.05.2013,"1,7968"
06.05.2013,"1,7972"
03.05.2013,"1,7943"
02.05.2013,"1,7928"
01.05.2013,"1,7927"
30.04.2013,"1,7930"
29.04.2013,"1,7956"
26.04.2013,"1,7975"
25.04.2013,"1,7988"
24.04.2013,"1,8024"
23.04.2013,"1,8046"
22.04.2013,"1,8043"
19.04.2013,"1,7998"
18.04.2013,"1,7965"
17.04.2013,"1,7995"
16.04.2013,"1,7880"
15.04.2013,"1,7929"
12.04.2013,"1,7881"
11.04.2013,"1,7848"
10.04.2013,"1,7895"
09.04.2013,"1,7843"
08.04.2013,"1,7860"
05.04.2013,"1,7936"
04.04.2013,"1,8034"
03.04.2013,"1,8089"
02.04.2013,"1,8033"
01.04.2013,"1,8051"
29.03.2013,"1,8090"
28.03.2013,"1,8104"
27.03.2013,"1,8144"
26.03.2013,"1,8143"
25.03.2013,"1,8225"
22.03.2013,"1,8146"
21.03.2013,"1,8184"
20.03.2013,"1,8176"
19.03.2013,"1,8251"
18.03.2013,"1,8130"
15.03.2013,"1,8063"
14.03.2013,"1,8098"
13.03.2013,"1,8126"
12.03.2013,"1,8029"
11.03.2013,"1,7990"
08.03.2013,"1,8045"
07.03.2013,"1,7973"
06.03.2013,"1,7984"
05.03.2013,"1,7916"
04.03.2013,"1,7989"
01.03.2013,"1,7974"
28.02.2013,"1,7985"
27.02.2013,"1,7977"
26.02.2013,"1,8054"
25.02.2013,"1,8094"
22.02.2013,"1,8019"
21.02.2013,"1,7942"
20.02.2013,"1,7833"
19.02.2013,"1,7765"
18.02.2013,"1,7672"
15.02.2013,"1,7665"
14.02.2013,"1,7683"
13.02.2013,"1,7635"
12.02.2013,"1,7724"
11.02.2013,"1,7755"
08.02.2013,"1,7715"
07.02.2013,"1,7740"
06.02.2013,"1,7695"
05.02.2013,"1,7612"
04.02.2013,"1,7613"
01.02.2013,"1,7473"
31.01.2013,"1,7589"
30.01.2013,"1,7678"
29.01.2013,"1,7685"
28.01.2013,"1,7730"
25.01.2013,"1,7675"
24.01.2013,"1,7686"
23.01.2013,"1,7716"
22.01.2013,"1,7690"
21.01.2013,"1,7643"
18.01.2013,"1,7603"
17.01.2013,"1,7524"
16.01.2013,"1,7653"
